fileName,chromosomeLength,centromere_ABS_Position,centromere_PER_Position,avergeRED,numberCrossOvers,boxNumber,foci_ABS_Position_1,foci_PER_Position_1,foci_intensity_1,foci_ABS_Position_2,foci_PER_Position_2,foci_intensity_2,foci_ABS_Position_3,foci_PER_Position_3,foci_intensity_3,foci_ABS_Position_4,foci_PER_Position_4,foci_intensity_4,foci_ABS_Position_5,foci_PER_Position_5,foci_intensity_5,foci_ABS_Position_6,foci_PER_Position_6,foci_intensity_6,foci_ABS_Position_7,foci_PER_Position_7,foci_intensity_7,foci_ABS_Position_8,foci_PER_Position_8,foci_intensity_8,foci_ABS_Position_9,foci_PER_Position_9,foci_intensity_9,foci_ABS_Position_10,foci_PER_Position_10,foci_intensity_10,foci_ABS_Position_11,foci_PER_Position_11,foci_intensity_11,foci_ABS_Position_12,foci_PER_Position_12,foci_intensity_12,foci_ABS_Position_13,foci_PER_Position_13,foci_intensity_13,foci_ABS_Position_14,foci_PER_Position_14,foci_intensity_14,foci_ABS_Position_15,foci_PER_Position_15,foci_intensity_15,foci_ABS_Position_16,foci_PER_Position_16,foci_intensity_16,foci_ABS_Position_17,foci_PER_Position_17,foci_intensity_17,foci_ABS_Position_18,foci_PER_Position_18,foci_intensity_18,foci_ABS_Position_19,foci_PER_Position_19,foci_intensity_19,foci_ABS_Position_20,foci_PER_Position_20,foci_intensity_20,foci_ABS_Position_21,foci_PER_Position_21,foci_intensity_21,foci_ABS_Position_22,foci_PER_Position_22,foci_intensity_22,foci_ABS_Position_23,foci_PER_Position_23,foci_intensity_23,foci_ABS_Position_24,foci_PER_Position_24,foci_intensity_24,foci_ABS_Position_25,foci_PER_Position_25,foci_intensity_25
27mar16_6mar16_PWD_m1_sp1_1_rev,68,2.8571,0.041717,0.73768,2,1,2,0.029202,5.1217,57,0.8343,11.5976
27mar16_6mar16_PWD_m1_sp1_1_rev,65,5.7334,0.087616,0.66959,3,10,1,0.022473,3.8294,48,0.72894,8.1462,63,0.96854,2.6003
27mar16_6mar16_PWD_m1_sp1_1_rev,52,6.0549,0.11739,0.62729,2,12,2,0.038774,8.2331,41,0.79643,10.2514
27mar16_6mar16_PWD_m1_sp1_1_rev,37,8.4206,0.2263,0.63379,1,14,4,0.10425,6.5133
27mar16_6mar16_PWD_m1_sp1_1_rev,113,8.7135,0.077364,0.6736,2,15,47,0.41638,9.8488,110,0.97428,5.3125
27mar16_6mar16_PWD_m1_sp1_1_rev,90,4.2351,0.046992,0.64301,2,16,3,0.037555,5.5335,44,0.48377,5.4689
27mar16_6mar16_PWD_m1_sp1_1_rev,70,1.8462,0.026346,0.74644,2,4,3,0.049438,0,40,0.56677,0
27mar16_6mar16_PWD_m1_sp1_1_rev,118,4.5376,0.038585,0.68772,4,5,5,0.038585,4.4241,23,0.19235,0,110,0.93704,0,115,0.97816,1.9181
27mar16_6mar16_PWD_m1_sp1_1_rev,128,4.5963,0.036006,0.68858,3,6,2,0.014243,9.3862,42,0.32517,8.7684,125,0.97905,7.8281
27mar16_6mar16_PWD_m1_sp1_1_rev,84,2.8125,0.033443,0.74443,3,7,4,0.049084,6.9152,22,0.25832,2.9625,67,0.794,9.4842
27mar16_6mar16_PWD_m1_sp1_1_rev,46,3.7736,0.08223,0.58897,1,8,17,0.36041,0
27mar16_6mar16_PWD_m1_sp1_1_rev,92,5.0578,0.054921,0.6525,1,9,25,0.27298,0
27mar16_6mar16_PWD_m1_sp1_2.1_rev,86,3.4375,0.039777,0.64125,1,1,79,0.91261,8.0235
27mar16_6mar16_PWD_m1_sp1_2.1_rev,73,8.7082,0.11944,0.53835,2,10,53,0.73019,0,66,0.90684,0
27mar16_6mar16_PWD_m1_sp1_2.1_rev,52,3.0192,0.057927,0.53558,1,11,8,0.15071,0
27mar16_6mar16_PWD_m1_sp1_2.1_rev,50,3.4768,0.068919,0.61216,1,12,43,0.85742,7.2543
27mar16_6mar16_PWD_m1_sp1_2.1_rev,68,5.0878,0.075018,0.51313,1,13,52,0.77406,0
27mar16_6mar16_PWD_m1_sp1_2.1_rev,121,4.4104,0.036478,0.56702,2,14,41,0.34014,5.5733,82,0.67462,3.7065
27mar16_6mar16_PWD_m1_sp1_2.1_rev,78,3.1746,0.040891,0.57266,2,15,18,0.23363,7.8694,68,0.88131,11.9883
27mar16_6mar16_PWD_m1_sp1_2.1_rev,63,2.0588,0.032798,0.53544,1,17,16,0.25972,0
27mar16_6mar16_PWD_m1_sp1_2.1_rev,47,5.8226,0.12296,0.50751,1,18,43,0.90984,12.3045
27mar16_6mar16_PWD_m1_sp1_2.1_rev,96,2.5806,0.026983,0.67413,2,2,32,0.33552,0,89,0.93215,0
27mar16_6mar16_PWD_m1_sp1_2.1_rev,79,3.3898,0.043032,0.6176,2,3,25,0.31911,10.2269,70,0.89476,7.1139
27mar16_6mar16_PWD_m1_sp1_2.1_rev,53,3.9258,0.074129,0.71859,1,4,38,0.72015,0
27mar16_6mar16_PWD_m1_sp1_2.1_rev,64,4.3333,0.067409,0.56314,1,5,48,0.74694,5.7664
27mar16_6mar16_PWD_m1_sp1_2.1_rev,109,3.8233,0.034951,0.54021,2,6,40,0.36695,0,97,0.88251,0
27mar16_6mar16_PWD_m1_sp1_2.1_rev,92,5.1111,0.055458,0.59292,2,7,16,0.17395,8.5591,79,0.86035,10.577
27mar16_6mar16_PWD_m1_sp1_2.1_rev,157,4.0893,0.026031,0.60933,2,8,58,0.36656,4.671,113,0.71973,7.0053
27mar16_6mar16_PWD_m1_sp1_2.2_rev,137,6.6946,0.048817,0.513,2,1,17,0.12441,1.0412,93,0.67638,9.169
27mar16_6mar16_PWD_m1_sp1_2.2_rev,37,6.1581,0.16602,0.55275,2,10,4,0.12014,0.42397,32,0.86819,5.0878
27mar16_6mar16_PWD_m1_sp1_2.2_rev,90,5.0938,0.056449,0.58438,3,11,5,0.053692,0,23,0.25209,0,81,0.89608,0
27mar16_6mar16_PWD_m1_sp1_2.2_rev,55,3.7633,0.068676,0.5519,3,12,3,0.047154,0,9,0.1654,0,24,0.43563,0
27mar16_6mar16_PWD_m1_sp1_2.2_rev,99,6.6503,0.067103,0.56134,3,13,6,0.058539,0,34,0.34017,0,68,0.68746,0
27mar16_6mar16_PWD_m1_sp1_2.2_rev,89,6.3524,0.071667,0.57326,3,14,2,0.01934,0,78,0.87449,0,86,0.97421,2.7694
27mar16_6mar16_PWD_m1_sp1_2.2_rev,58,5.5992,0.096054,0.58394,1,15,7,0.11925,0
27mar16_6mar16_PWD_m1_sp1_2.2_rev,61,6.7758,0.1108,0.62225,4,17,7,0.12248,0,25,0.41028,0,31,0.50815,13.79,50,0.81129,0
27mar16_6mar16_PWD_m1_sp1_2.2_rev,88,4.889,0.055324,0.57524,3,18,4,0.048486,8.4342,28,0.32135,0,86,0.97563,2.4456
27mar16_6mar16_PWD_m1_sp1_2.2_rev,97,20.0771,0.20688,0.55461,11,19,12,0.12488,1.7243,21,0.2177,5.6047,28,0.28928,2.7279,38,0.38739,1.2385,45,0.46458,0.94348,50,0.51359,0.16283,56,0.58127,1.4804,63,0.6473,1.9374,71,0.72789,2.0853,79,0.81082,0.89556,94,0.96667,2.3151
27mar16_6mar16_PWD_m1_sp1_2.2_rev,127,7.6107,0.060007,0.48901,2,2,3,0.024639,4.0566,55,0.43446,11.6186
27mar16_6mar16_PWD_m1_sp1_2.2_rev,56,5.0515,0.089907,0.61808,2,3,5,0.085457,0,22,0.39378,0
27mar16_6mar16_PWD_m1_sp1_2.2_rev,109,3.27,0.029956,0.58651,4,4,5,0.041966,0.43753,23,0.20614,0,85,0.78251,4.1474,105,0.96163,6.151
27mar16_6mar16_PWD_m1_sp1_2.2_rev,65,5.6509,0.086888,0.59253,1,6,26,0.40714,0
27mar16_6mar16_PWD_m1_sp1_2.2_rev,57,5.0187,0.087521,0.5299,1,9,26,0.45148,0
27mar16_6mar16_PWD_m1_sp1_2_rev,86,3.4375,0.039776,0.63635,1,1,79,0.91262,8.0501
27mar16_6mar16_PWD_m1_sp1_2_rev,73,8.96,0.12254,0.52634,2,10,54,0.7392,0,67,0.91048,0
27mar16_6mar16_PWD_m1_sp1_2_rev,52,3.0193,0.057765,0.53023,1,11,9,0.16379,0
27mar16_6mar16_PWD_m1_sp1_2_rev,50,3.4769,0.068915,0.60936,1,12,41,0.81544,8.1273
27mar16_6mar16_PWD_m1_sp1_2_rev,68,5.0859,0.07523,0.505,2,13,9,0.13783,0,52,0.7651,0
27mar16_6mar16_PWD_m1_sp1_2_rev,121,4.601,0.038149,0.56074,2,14,41,0.34348,0,82,0.67789,3.8007
27mar16_6mar16_PWD_m1_sp1_2_rev,78,2.8571,0.036699,0.56803,2,15,19,0.23964,9.0379,69,0.8816,12.074
27mar16_6mar16_PWD_m1_sp1_2_rev,63,2.3529,0.037459,0.5312,1,17,17,0.26981,0
27mar16_6mar16_PWD_m1_sp1_2_rev,47,6.176,0.13018,0.5007,1,18,44,0.91773,13.186
27mar16_6mar16_PWD_m1_sp1_2_rev,137,6.6297,0.048316,0.50701,7,19,3,0.021124,7.7979,17,0.12645,3.0751,26,0.18683,1.3238,37,0.26713,1.7106,59,0.43095,2.5645,70,0.51148,0.40367,93,0.67627,10.2403
27mar16_6mar16_PWD_m1_sp1_2_rev,96,2.5806,0.026982,0.66679,3,2,32,0.33448,0,80,0.83334,0,90,0.93584,0
27mar16_6mar16_PWD_m1_sp1_2_rev,127,7.6089,0.059896,0.4843,2,20,3,0.024599,7.3917,56,0.43817,12.0277
27mar16_6mar16_PWD_m1_sp1_2_rev,56,4.6907,0.084248,0.61476,4,21,5,0.088738,0,14,0.25287,0,22,0.38894,0,52,0.92588,10.4798
27mar16_6mar16_PWD_m1_sp1_2_rev,109,2.6667,0.02441,0.58187,4,22,4,0.038692,0.56889,22,0.20041,0,86,0.78284,6.3321,105,0.9609,11.0432
27mar16_6mar16_PWD_m1_sp1_2_rev,65,5.7837,0.089239,0.58714,2,24,7,0.11325,0,27,0.41061,0
27mar16_6mar16_PWD_m1_sp1_2_rev,58,4.8089,0.083414,0.51429,2,27,3,0.058122,0,26,0.45396,0
27mar16_6mar16_PWD_m1_sp1_2_rev,37,6.1588,0.16603,0.54953,3,28,4,0.12015,1.4021,20,0.54431,0,32,0.8682,9.7811
27mar16_6mar16_PWD_m1_sp1_2_rev,78,3.3898,0.043197,0.60517,2,3,25,0.32031,10.6349,70,0.89627,7.6257
27mar16_6mar16_PWD_m1_sp1_2_rev,55,4.0089,0.073513,0.5445,4,30,3,0.053723,0,9,0.17252,0,24,0.44571,0,39,0.70954,0
27mar16_6mar16_PWD_m1_sp1_2_rev,99,6.299,0.063561,0.55804,4,31,5,0.054986,0,34,0.34018,0,68,0.68748,0,85,0.85347,0
27mar16_6mar16_PWD_m1_sp1_2_rev,88,6.3567,0.071879,0.56937,5,32,1,0.016154,1.8734,7,0.077522,0,48,0.54787,0,77,0.87421,0,86,0.97415,6.9702
27mar16_6mar16_PWD_m1_sp1_2_rev,58,5.5669,0.09596,0.57899,2,33,7,0.12358,0,24,0.408,0
27mar16_6mar16_PWD_m1_sp1_2_rev,61,6.7341,0.11113,0.61647,5,35,7,0.12292,0,25,0.41338,0,31,0.51594,12.9951,49,0.8119,0,57,0.94369,0
27mar16_6mar16_PWD_m1_sp1_2_rev,88,4.889,0.055324,0.57297,5,36,4,0.048486,8.7029,29,0.33224,0,42,0.47644,0,76,0.8594,0,86,0.97563,5.4003
27mar16_6mar16_PWD_m1_sp1_2_rev,53,3.6767,0.069433,0.70864,1,4,38,0.71817,0
27mar16_6mar16_PWD_m1_sp1_2_rev,64,4.4068,0.068756,0.55908,3,5,3,0.047601,3.2261,16,0.24419,0.97,48,0.74553,7.711
27mar16_6mar16_PWD_m1_sp1_2_rev,109,3.8233,0.035084,0.53526,2,6,40,0.36834,0,96,0.88305,0
27mar16_6mar16_PWD_m1_sp1_2_rev,92,5.4651,0.059404,0.58806,3,7,16,0.1781,9.2801,40,0.43945,1.7185,80,0.86568,10.7587
27mar16_6mar16_PWD_m1_sp1_2_rev,158,4.6772,0.029657,0.60346,3,8,59,0.37138,4.6505,114,0.72252,7.0443,154,0.979,3.6252
27mar16_6mar16_PWD_m1_sp1_3_rev,73,5.3071,0.072996,0.75806,1,1,62,0.85039,0
27mar16_6mar16_PWD_m1_sp1_3_rev,37,3.9039,0.10486,0.78903,4,10,3,0.068172,0.56932,10,0.26041,0.86538,18,0.48674,0.85117,27,0.73553,0.051669
27mar16_6mar16_PWD_m1_sp1_3_rev,65,7.1993,0.11009,0.7626,3,11,7,0.11391,8.8415,16,0.23711,0,60,0.91013,0
27mar16_6mar16_PWD_m1_sp1_3_rev,106,4.1044,0.038743,0.64813,2,12,23,0.22042,0,96,0.90866,0
27mar16_6mar16_PWD_m1_sp1_3_rev,122,3.2836,0.027012,0.6142,1,13,118,0.97255,0
27mar16_6mar16_PWD_m1_sp1_3_rev,57,5.0133,0.087462,0.61496,1,14,5,0.093642,10.123
27mar16_6mar16_PWD_m1_sp1_3_rev,105,2.8125,0.026908,0.71923,3,15,3,0.023918,0,15,0.14806,0,52,0.49934,0
27mar16_6mar16_PWD_m1_sp1_3_rev,60,6.053,0.10048,0.70275,1,16,45,0.75352,0
27mar16_6mar16_PWD_m1_sp1_3_rev,130,32.8773,0.25225,0.64561,3,17,20,0.1544,6.7864,52,0.40055,5.5474,104,0.79776,10.1921
27mar16_6mar16_PWD_m1_sp1_3_rev,95,5.5172,0.058118,0.70583,3,18,33,0.34394,8.694,82,0.86261,4.1731,92,0.96533,1.3169
27mar16_6mar16_PWD_m1_sp1_3_rev,97,4.7411,0.049065,0.63892,2,19,28,0.292,5.5791,85,0.87921,6.9458
27mar16_6mar16_PWD_m1_sp1_3_rev,112,5.4057,0.048262,0.73862,2,2,38,0.34249,11.3533,99,0.88546,6.6378
27mar16_6mar16_PWD_m1_sp1_3_rev,74,3.678,0.049915,0.62667,1,20,52,0.70008,0
27mar16_6mar16_PWD_m1_sp1_3_rev,84,24.2406,0.28878,0.73198,2,4,18,0.21399,2.7774,50,0.5944,5.0116
27mar16_6mar16_PWD_m1_sp1_3_rev,36,3.4453,0.096318,0.71422,4,6,2,0.054463,0,7,0.20131,0,12,0.3338,0,35,0.97569,0.70118
27mar16_6mar16_PWD_m1_sp1_3_rev,114,7.7055,0.067762,0.68478,2,8,35,0.30597,7.8026,102,0.89261,10.2414
27mar16_6mar16_PWD_m1_sp1_3_rev,77,6.9745,0.090276,0.72188,1,9,70,0.90995,0
27mar16_6mar16_PWD_m1_sp1_4_rev,108,5.0714,0.04687,0.36074,2,10,34,0.31037,0,52,0.47795,0
27mar16_6mar16_PWD_m1_sp1_4_rev,51,5.6318,0.10961,0.41001,1,11,46,0.8891,10.2435
27mar16_6mar16_PWD_m1_sp1_4_rev,103,5.7848,0.056172,0.33105,2,12,31,0.30492,2.6595,82,0.79489,7.0215
27mar16_6mar16_PWD_m1_sp1_4_rev,49,5.1772,0.10459,0.35218,1,13,46,0.93372,0
27mar16_6mar16_PWD_m1_sp1_4_rev,60,3.613,0.060181,0.34767,2,14,21,0.35537,0,30,0.50024,0
27mar16_6mar16_PWD_m1_sp1_4_rev,72,3.9481,0.054479,0.31402,1,15,50,0.68982,0
27mar16_6mar16_PWD_m1_sp1_4_rev,72,4.1846,0.057973,0.32875,1,16,55,0.76013,8.2838
27mar16_6mar16_PWD_m1_sp1_4_rev,53,8.9359,0.16862,0.34667,1,17,31,0.5825,9.6602
27mar16_6mar16_PWD_m1_sp1_4_rev,74,5.0877,0.069087,0.43592,4,2,7,0.096896,5.4372,18,0.24855,0,33,0.44329,0,66,0.90087,2.0656
27mar16_6mar16_PWD_m1_sp1_4_rev,83,4.5735,0.055154,0.40187,2,3,25,0.29847,11.6208,74,0.89237,9.7317
27mar16_6mar16_PWD_m1_sp1_4_rev,73,3.8467,0.052392,0.43443,3,4,3,0.04276,2.4295,12,0.16715,1.7936,64,0.8769,7.8757
27mar16_6mar16_PWD_m1_sp1_4_rev,109,4.2138,0.038662,0.3443,2,5,22,0.20469,0,96,0.88319,0
27mar16_6mar16_PWD_m1_sp1_4_rev,60,3.5808,0.059489,0.37963,1,6,37,0.61513,0
27mar16_6mar16_PWD_m1_sp1_4_rev,30,10.6317,0.35451,0.42648,3,8,9,0.29902,2.272,21,0.69807,2.0769,29,0.96922,0
27mar16_6mar16_PWD_m1_sp1_5_rev,109,6.7944,0.062308,0.55034,6,1,5,0.046607,3.6798,15,0.13313,0,25,0.23365,0,34,0.31592,0,61,0.55542,0,106,0.9679,6.197
27mar16_6mar16_PWD_m1_sp1_5_rev,62,1.7143,0.02761,0.57355,4,12,3,0.050031,0,8,0.13241,0,26,0.4249,0,33,0.52454,0
27mar16_6mar16_PWD_m1_sp1_5_rev,115,2.9719,0.025949,0.54171,5,13,7,0.060134,4.1391,31,0.27409,1.9005,46,0.40118,8.5282,99,0.86803,5.3536,105,0.91859,13.0581
27mar16_6mar16_PWD_m1_sp1_5_rev,97,4.8382,0.049788,0.48234,4,14,23,0.23834,5.5623,38,0.39334,1.1435,56,0.57514,1.3146,92,0.94717,1.1717
27mar16_6mar16_PWD_m1_sp1_5_rev,39,2.5,0.063365,0.52403,1,15,10,0.25909,8.2606
27mar16_6mar16_PWD_m1_sp1_5_rev,50,6.1965,0.12503,0.5263,4,16,4,0.086288,3.4214,20,0.40778,3.6234,36,0.71649,5.5439,47,0.94437,2.3755
27mar16_6mar16_PWD_m1_sp1_5_rev,86,5.1717,0.060262,0.49897,4,18,2,0.022976,4.9926,12,0.14136,9.7194,38,0.43815,2.8237,49,0.57029,3.0117
27mar16_6mar16_PWD_m1_sp1_5_rev,80,5.3015,0.066086,0.5699,4,2,4,0.051017,2.725,29,0.35539,0,66,0.82842,0,77,0.95402,5.1982
27mar16_6mar16_PWD_m1_sp1_5_rev,95,8.493,0.089571,0.54939,6,3,3,0.031482,10.1836,14,0.14253,4.0023,23,0.24487,2.3725,58,0.6159,6.8595,66,0.69572,2.4572,92,0.96852,5.2672
27mar16_6mar16_PWD_m1_sp1_5_rev,91,6.13,0.067476,0.56411,7,4,3,0.037256,0,19,0.20562,10.214,23,0.25546,0,55,0.60673,0,63,0.69145,0,72,0.79783,1.2886,86,0.9495,4.5979
27mar16_6mar16_PWD_m1_sp1_5_rev,66,8.286,0.12508,0.58003,1,5,61,0.92783,11.7283
27mar16_6mar16_PWD_m1_sp1_5_rev,126,10.113,0.080439,0.56221,4,7,5,0.043676,10.7317,10,0.075636,0,74,0.58655,0,121,0.96031,13.3804
27mar16_6mar16_PWD_m1_sp1_5_rev,99,3.4182,0.034657,0.49175,3,9,2,0.019011,9.8786,16,0.15904,4.4092,32,0.3286,6.2518
6mar15_1mar15_PWD_m1_sp4_1.1_rev,51,10,0.19525,0.44052,6,1,20,0.38661,5.5065,26,0.51338,3.4047,33,0.64687,0.97199,42,0.81696,1.4864,45,0.88407,1.4867,49,0.95119,1.487
6mar15_1mar15_PWD_m1_sp4_1.1_rev,81,2.715,0.033371,0.36999,9,11,1,0.0075637,0,13,0.15912,1.0088,24,0.2905,0,29,0.35147,0,43,0.53297,0,52,0.6444,0,63,0.77402,0,69,0.84518,0,80,0.97731,0.78136
6mar15_1mar15_PWD_m1_sp4_1.1_rev,61,4.3873,0.07174,0.40402,1,12,31,0.50831,7.5646
6mar15_1mar15_PWD_m1_sp4_1.1_rev,31,4.2684,0.13794,0.38836,3,4,3,0.081929,2.807,7,0.23938,2.2084,20,0.65573,2.0864
6mar15_1mar15_PWD_m1_sp4_1.1_rev,116,3.5825,0.030987,0.33526,13,8,2,0.013105,4.2794,10,0.086433,0.95221,19,0.16014,1.0695,22,0.192,1.0483,34,0.29718,1.1738,50,0.43442,1.2321,57,0.49426,1.9395,65,0.56034,3.283,71,0.61142,1.1246,88,0.75978,0.32248,96,0.83135,0.16095,106,0.915,1.8074,111,0.96022,4.4429
6mar15_1mar15_PWD_m1_sp4_1.1_rev,68,8.4322,0.12421,0.37519,8,9,2,0.034156,1.9796,9,0.13826,2.4625,14,0.2092,0,30,0.44316,0.13364,38,0.56419,0,45,0.65735,0,60,0.89085,0.75912,66,0.96549,1.6175
6mar15_1mar15_PWD_m1_sp4_1_rev,105,7.6611,0.073249,0.52732,6,10,6,0.057857,9.755,22,0.20924,3.5637,29,0.27428,1.9169,34,0.32899,1.7584,46,0.44319,1.4695,102,0.97506,2.9208
6mar15_1mar15_PWD_m1_sp4_1_rev,113,1.7647,0.015583,0.47093,4,13,5,0.044152,7.8795,78,0.68989,1.3076,103,0.91109,2.3416,108,0.95578,3.342
6mar15_1mar15_PWD_m1_sp4_1_rev,32,2.6087,0.082308,0.51886,1,17,4,0.11889,8.5546
6mar15_1mar15_PWD_m1_sp4_1_rev,109,5.6015,0.051251,0.47324,5,25,5,0.045761,9.9567,21,0.19366,0.63424,29,0.26732,1.7488,39,0.35596,1.0712,106,0.96956,5.4072
6mar15_1mar15_PWD_m1_sp4_1_rev,33,4.3773,0.13188,0.4453,2,26,2,0.075322,3.7973,28,0.82954,0.84825
6mar15_1mar15_PWD_m1_sp4_1_rev,130,3.7537,0.02895,0.42002,3,27,4,0.027012,0,105,0.80937,0,120,0.92343,0
6mar15_1mar15_PWD_m1_sp4_1_rev,91,15.2382,0.16687,0.39851,8,31,15,0.15915,4.8021,29,0.32126,3.806,33,0.36516,2.7874,45,0.49007,2.0698,69,0.75563,1.4574,75,0.81641,0.55506,83,0.9066,3.0481,87,0.95813,0.27189
6mar15_1mar15_PWD_m1_sp4_1_rev,23,5.693,0.24764,0.52275,1,32,3,0.12346,0
6mar15_1mar15_PWD_m1_sp4_1_rev,53,23.7352,0.44794,0.4243,5,36,8,0.14257,3.1277,24,0.46117,5.3016,41,0.77637,3.8701,47,0.88899,3.9397,51,0.95559,3.911
6mar15_1mar15_PWD_m1_sp4_1_rev,64,26.9482,0.41888,0.39725,5,39,9,0.13392,4.3269,20,0.31387,4.4142,27,0.41888,4.9136,32,0.50108,4.4583,43,0.66226,4.5945
6mar15_1mar15_PWD_m1_sp4_1_rev,74,36.6393,0.49777,0.40761,5,43,0,0.003827,0,14,0.19411,0,19,0.25186,0,25,0.34277,0,37,0.50439,0.92501
6mar15_1mar15_PWD_m1_sp4_1_rev,75,28.4438,0.38025,0.39035,5,50,11,0.14412,6.1658,27,0.36738,2.6796,38,0.50419,0.72545,43,0.57611,1.7007,66,0.87659,4.7492
6mar15_1mar15_PWD_m1_sp4_1_rev,43,4.8451,0.11261,0.46443,4,51,2,0.049301,9.8106,15,0.33756,1.8596,21,0.49816,2.1383,42,0.97183,0.30459
6mar15_1mar15_PWD_m1_sp4_1_rev,82,2.628,0.032196,0.40605,9,58,1,0.0074249,0,13,0.15805,1.697,24,0.29259,0,28,0.34677,0,43,0.52343,0,53,0.64483,0,60,0.74077,0,69,0.84493,0,80,0.97401,0.7693
6mar15_1mar15_PWD_m1_sp4_1_rev,61,4.134,0.067371,0.43343,1,59,31,0.50598,6.8283
6mar15_1mar15_PWD_m1_sp4_1_rev,32,6.9715,0.21769,0.48832,2,60,5,0.14403,0,22,0.68332,0
6mar15_1mar15_PWD_m1_sp4_1_rev,63,2.4615,0.039154,0.44121,3,63,4,0.058731,5.2896,49,0.7839,2.2954,59,0.93358,0.26358
6mar15_1mar15_PWD_m1_sp4_1_rev,100,4.0449,0.040392,0.45848,8,68,5,0.0514,2.8763,16,0.15675,0.54299,25,0.24878,0.26099,44,0.43885,0,70,0.69482,0,79,0.79379,0.90949,90,0.90199,0,96,0.96245,2.6807
6mar15_1mar15_PWD_m1_sp4_1_rev,128,4.2487,0.033264,0.4788,2,69,3,0.023027,0.69734,12,0.093021,8.0758
6mar15_1mar15_PWD_m1_sp4_1_rev,77,3.3846,0.043806,0.54522,6,70,4,0.051624,3.2767,15,0.19435,0.24844,39,0.50638,3.4011,47,0.60689,1.7189,55,0.71463,3.6357,75,0.96889,3.0282
6mar15_1mar15_PWD_m1_sp4_1_rev,118,8.6391,0.073388,0.50653,9,72,4,0.034906,3.6209,12,0.10418,3.9653,30,0.25832,3.3769,43,0.36639,3.1212,56,0.47383,0.78672,75,0.63803,4.0346,92,0.78353,1.5494,108,0.9187,2.5044,114,0.96495,4.2958
6mar15_1mar15_PWD_m1_sp4_1_rev,104,3.1228,0.029934,0.52249,6,73,4,0.04249,5.7752,29,0.27504,3.7858,63,0.60028,2.419,70,0.67038,1.2786,88,0.84761,7.3829,104,0.99705,3.0337
6mar15_1mar15_PWD_m1_sp4_1_rev,61,5.71,0.09361,0.54136,4,75,2,0.024839,0,25,0.41121,0,49,0.80106,0,58,0.943,3.7836
6mar15_1mar15_PWD_m1_sp4_1_rev,79,3.7417,0.04754,0.51549,4,8,5,0.061069,0.61136,24,0.3086,0,49,0.62259,0,72,0.91312,0
6mar15_1mar15_PWD_m1_sp4_2_rev,101,3.6982,0.036448,0.83025,5,1,7,0.069734,7.9066,29,0.28448,9.9521,34,0.33944,9.7766,71,0.70156,4.3639,95,0.93731,12.9572
6mar15_1mar15_PWD_m1_sp4_2_rev,135,3.6883,0.027314,0.71646,4,11,5,0.040679,6.4846,17,0.12938,1.6797,44,0.32846,9.9593,84,0.6191,10.7669
6mar15_1mar15_PWD_m1_sp4_2_rev,109,9.0234,0.08246,0.79936,8,13,5,0.044007,2.1077,11,0.10502,0,18,0.16226,0,46,0.41726,0,51,0.46309,0,64,0.5847,0,87,0.79104,0,102,0.93163,0
6mar15_1mar15_PWD_m1_sp4_2_rev,73,5.1037,0.069919,0.76068,4,15,5,0.073349,0,20,0.27823,0,42,0.57546,0,64,0.88114,0
6mar15_1mar15_PWD_m1_sp4_2_rev,89,2.4615,0.02766,0.77618,5,16,3,0.031117,4.5628,17,0.19655,11.074,68,0.7606,6.1487,74,0.82642,11.4414,87,0.97926,5.0799
6mar15_1mar15_PWD_m1_sp4_2_rev,58,5.8372,0.10151,0.85293,2,3,3,0.044167,2.3713,49,0.85769,9.8653
6mar15_1mar15_PWD_m1_sp4_2_rev,59,4.1823,0.070958,0.8248,4,4,5,0.08723,7.7214,17,0.28187,8.3888,50,0.84467,16.8358,55,0.93024,11.8673
6mar15_1mar15_PWD_m1_sp4_2_rev,53,2.3881,0.044639,0.78361,5,5,6,0.11982,0,14,0.25651,0,23,0.42255,3.9093,28,0.51811,0,52,0.97768,0
6mar15_1mar15_PWD_m1_sp4_2_rev,50,4.0956,0.08129,0.732,3,7,1,0.026913,1.2736,7,0.13322,1.817,22,0.43286,6.8481
6mar15_1mar15_PWD_m1_sp4_2_rev,88,4.5203,0.051093,0.74016,4,8,4,0.044282,0,16,0.18191,0,63,0.70946,0,87,0.9809,0
6mar15_1mar15_PWD_m1_sp4_3_rev,77,3.2268,0.04214,0.75332,2,1,18,0.23849,0,61,0.80156,0
6mar15_1mar15_PWD_m1_sp4_3_rev,125,5.7177,0.045607,0.64081,3,10,5,0.03879,2.8346,44,0.34876,10.4795,97,0.77267,11.9819
6mar15_1mar15_PWD_m1_sp4_3_rev,109,36.7595,0.336,0.75508,3,12,13,0.12035,10.6029,46,0.42004,8.0554,99,0.90108,11.6756
6mar15_1mar15_PWD_m1_sp4_3_rev,103,2.5352,0.024513,0.69392,4,13,33,0.31581,6.2816,50,0.48443,2.0537,57,0.55249,0.44385,89,0.8612,9.2887
6mar15_1mar15_PWD_m1_sp4_3_rev,53,12.569,0.23636,0.77794,2,14,1,0.011227,7.382,41,0.77265,10.2816
6mar15_1mar15_PWD_m1_sp4_3_rev,73,7.6644,0.10447,0.74472,2,15,25,0.34486,0,65,0.88908,0
6mar15_1mar15_PWD_m1_sp4_3_rev,72,3.7887,0.05282,0.78236,5,2,27,0.37238,0,36,0.50461,4.413,41,0.57641,0,51,0.70672,0,61,0.85317,0
6mar15_1mar15_PWD_m1_sp4_3_rev,96,4.4523,0.046499,0.69654,4,3,8,0.088148,3.2129,27,0.27716,5.4018,36,0.37212,1.3384,78,0.81225,6.3071
6mar15_1mar15_PWD_m1_sp4_3_rev,75,3.6041,0.048281,0.73908,1,4,65,0.8653,12.2636
6mar15_1mar15_PWD_m1_sp4_3_rev,56,3.8161,0.068068,0.81053,1,5,36,0.64307,11.6955
6mar15_1mar15_PWD_m1_sp4_3_rev,175,35.3981,0.20231,0.74272,8,6,12,0.065888,3.4079,20,0.11704,8.1752,47,0.27041,8.9152,54,0.31095,1.515,63,0.35922,4.7884,86,0.49335,13.0225,90,0.5162,14.3243,151,0.86104,8.2708
6mar15_1mar15_PWD_m1_sp4_3_rev,58,4.6936,0.081194,0.74835,2,7,8,0.14664,3.4108,49,0.85075,0
6mar15_1mar15_PWD_m1_sp4_3_rev,53,10.8578,0.20488,0.77873,2,8,11,0.20958,0,46,0.86302,1.2617
6mar15_1mar15_PWD_m1_sp4_4_rev,106,3.9416,0.037034,0.79459,2,1,9,0.085715,0.95298,15,0.14061,8.2883
6mar15_1mar15_PWD_m1_sp4_4_rev,87,4.5917,0.052963,0.82639,5,11,5,0.052963,5.9,33,0.38126,9.012,47,0.53969,6.2272,65,0.74957,10.6616,81,0.92879,2.3036
6mar15_1mar15_PWD_m1_sp4_4_rev,99,3.9908,0.040298,0.77893,3,12,20,0.19879,6.6186,86,0.86506,5.3943,91,0.92327,17.1437
6mar15_1mar15_PWD_m1_sp4_4_rev,114,11.2591,0.098513,0.88559,13,13,5,0.041998,8.6307,12,0.10161,11.709,17,0.14866,6.4915,25,0.21871,3.5521,32,0.27807,3.4733,40,0.35088,5.9517,54,0.46882,6.3772,69,0.60364,4.5824,82,0.71865,6.0653,91,0.7939,4.9076,98,0.85738,5.0977,101,0.88769,5.3164,106,0.9303,6.6619
6mar15_1mar15_PWD_m1_sp4_4_rev,101,6.4456,0.064067,0.82258,5,14,3,0.033099,0,9,0.092097,0,19,0.18738,6.3963,62,0.61311,0,88,0.87333,3.0468
6mar15_1mar15_PWD_m1_sp4_4_rev,86,5.6146,0.065181,0.75348,3,15,14,0.1608,2.6648,56,0.65434,9.0668,82,0.95569,2.4999
6mar15_1mar15_PWD_m1_sp4_4_rev,79,9.2074,0.11612,0.80928,4,16,7,0.082008,4.7762,13,0.16619,6.4057,37,0.46406,2.7779,66,0.82641,8.55
6mar15_1mar15_PWD_m1_sp4_4_rev,83,4.934,0.059531,0.77771,3,17,24,0.29346,0,34,0.4129,0,80,0.95978,0
6mar15_1mar15_PWD_m1_sp4_4_rev,120,44.9665,0.37464,0.77594,7,18,15,0.12226,0,38,0.31686,0,45,0.37464,0,49,0.41002,0,61,0.50421,0,84,0.70233,0,115,0.959,0
6mar15_1mar15_PWD_m1_sp4_4_rev,90,4.4999,0.049972,0.84755,5,2,2,0.020191,0,9,0.094678,6.2754,31,0.33874,0,41,0.45032,0,81,0.89513,4.7833
6mar15_1mar15_PWD_m1_sp4_4_rev,62,5.1965,0.084126,0.84396,3,3,9,0.15176,6.2435,44,0.71932,4.4826,57,0.92638,1.8904
6mar15_1mar15_PWD_m1_sp4_4_rev,97,7.7438,0.080169,0.81102,5,4,5,0.052609,4.1397,29,0.29737,10.4364,68,0.70297,4.01,81,0.84023,10.9473,89,0.92597,4.555
6mar15_1mar15_PWD_m1_sp4_4_rev,116,5.9758,0.051343,0.83549,6,5,37,0.31861,9.7783,54,0.4626,5.2913,83,0.70913,3.6307,90,0.77616,6.6838,101,0.87074,10.9346,112,0.95944,5.8716
6mar15_1mar15_PWD_m1_sp4_4_rev,78,4.4692,0.057216,0.8568,6,6,9,0.11805,9.8694,31,0.39305,0,37,0.46808,0,44,0.56933,0,67,0.85888,0,75,0.96077,0
6mar15_1mar15_PWD_m1_sp4_4_rev,71,4.4129,0.062239,0.81112,2,7,34,0.48434,0,62,0.86897,0
6mar15_1mar15_PWD_m1_sp4_4_rev,102,6.2415,0.061445,0.7835,6,8,3,0.026252,5.7768,15,0.14547,9.2787,19,0.18843,3.1867,23,0.22797,1.9664,28,0.27727,2.8186,95,0.93475,10.9991
6mar15_1mar15_PWD_m1_sp4_4_rev,55,6.3347,0.11463,0.85817,5,9,2,0.035025,3.8017,9,0.16087,2.6963,27,0.48411,2.2595,33,0.60032,0.62198,46,0.83991,5.9013
6mar15_1mar15_PWD_m1_sp4_5_rev,90,7.0834,0.078422,0.61295,2,1,27,0.2999,0,72,0.79618,0
6mar15_1mar15_PWD_m1_sp4_5_rev,84,4.8893,0.058086,0.64711,2,11,11,0.13304,8.3109,70,0.83254,0
6mar15_1mar15_PWD_m1_sp4_5_rev,83,35.1122,0.42086,0.68321,1,12,14,0.1697,0
6mar15_1mar15_PWD_m1_sp4_5_rev,72,1.2698,0.017515,0.65713,3,13,13,0.17595,9.5597,21,0.28961,2.2027,53,0.73702,7.4305
6mar15_1mar15_PWD_m1_sp4_5_rev,69,13.9157,0.20128,0.67881,2,14,18,0.26077,0,23,0.32954,0
6mar15_1mar15_PWD_m1_sp4_5_rev,88,2.3188,0.02646,0.68757,2,15,17,0.18923,7.2712,71,0.81501,11.098
6mar15_1mar15_PWD_m1_sp4_5_rev,94,7.2835,0.077865,0.64558,1,2,83,0.88285,0
6mar15_1mar15_PWD_m1_sp4_5_rev,125,0.3125,0.0025036,0.55086,4,3,70,0.56028,0.44351,97,0.77766,3.3768,108,0.86902,1.728,121,0.96981,11.8321
6mar15_1mar15_PWD_m1_sp4_5_rev,53,8.8189,0.16582,0.56133,1,4,17,0.32868,0
6mar15_1mar15_PWD_m1_sp4_5_rev,107,9.5176,0.089328,0.60254,2,5,56,0.52094,10.6092,96,0.90547,0
6mar15_1mar15_PWD_m1_sp4_5_rev,57,8.6967,0.15238,0.66878,1,6,50,0.88344,0
6mar15_1mar15_PWD_m1_sp4_5_rev,39,8.6008,0.21934,0.65953,5,7,8,0.20405,2.1248,12,0.3145,1.7483,21,0.53163,2.2753,29,0.735,0.96797,38,0.97492,3.3221
6mar15_1mar15_PWD_m1_sp4_5_rev,62,0.63492,0.010281,0.68291,4,8,18,0.29241,2.1506,24,0.39517,3.587,31,0.49931,3.0052,47,0.76427,5.9753
6mar15_1mar15_PWD_m1_sp4_5_rev,58,19.8463,0.34096,0.70753,2,9,15,0.25202,2.7199,54,0.92888,7.6826
6mar15_1mar15_PWD_m1_sp4_6.1_rev,97,5.9755,0.061812,0.69047,3,1,5,0.055653,1.6826,29,0.29974,9.937,87,0.89945,11.8458
6mar15_1mar15_PWD_m1_sp4_6.1_rev,42,6.0569,0.14417,0.72419,2,10,6,0.15004,3.4147,26,0.61622,13.5783
6mar15_1mar15_PWD_m1_sp4_6.1_rev,93,4.259,0.045714,0.57968,2,11,17,0.18219,6.2699,80,0.85468,6.1395
6mar15_1mar15_PWD_m1_sp4_6.1_rev,86,4.5622,0.052796,0.60439,2,12,17,0.20038,0,77,0.88723,0
6mar15_1mar15_PWD_m1_sp4_6.1_rev,98,8.1312,0.08288,0.6987,4,2,8,0.08288,0,20,0.19937,7.672,61,0.61987,0,77,0.78431,4.0813
6mar15_1mar15_PWD_m1_sp4_6.1_rev,118,4.7031,0.03971,0.62559,3,5,18,0.15178,0,39,0.32861,0,109,0.92221,0
6mar15_1mar15_PWD_m1_sp4_6.1_rev,57,6.6097,0.11498,0.69405,1,6,47,0.81489,10.4824
6mar15_1mar15_PWD_m1_sp4_6.1_rev,63,6.1175,0.097419,0.7112,1,7,53,0.84082,7.6851
6mar15_1mar15_PWD_m1_sp4_6.1_rev,106,5.1588,0.048819,0.61647,3,9,30,0.28372,9.6367,100,0.94941,6.3511,104,0.98629,11.1926
6mar15_1mar15_PWD_m1_sp4_6.2_rev,113,4.6377,0.041187,0.41141,5,10,4,0.038613,1.0383,55,0.49259,0.86887,75,0.66465,0,106,0.93989,1.968,111,0.98713,0
6mar15_1mar15_PWD_m1_sp4_6.2_rev,65,6.9456,0.10692,0.41484,6,11,3,0.04838,3.4703,9,0.13708,0,25,0.39064,0,33,0.50982,0,51,0.79191,0,63,0.97361,4.4231
6mar15_1mar15_PWD_m1_sp4_6.2_rev,115,5.4644,0.047485,0.40677,4,12,4,0.038864,0,43,0.37603,0,101,0.87357,0,109,0.94361,0
6mar15_1mar15_PWD_m1_sp4_6.2_rev,105,6.9332,0.066144,0.46535,3,13,4,0.035825,2.4465,85,0.80666,0,96,0.91728,0
6mar15_1mar15_PWD_m1_sp4_6.2_rev,77,16.6888,0.21735,0.44683,6,3,3,0.039587,0.74785,13,0.17132,0,18,0.22851,2.7025,37,0.48424,0,61,0.79779,2.9755,70,0.90712,0.48283
6mar15_1mar15_PWD_m1_sp4_6.2_rev,134,46.8736,0.34875,0.4058,9,5,4,0.032597,9.4364,33,0.24233,0.60803,47,0.35138,6.4268,61,0.4532,1.395,75,0.5575,3.2336,92,0.6841,1.3319,109,0.80864,1.5895,125,0.93219,5.1368,130,0.96411,4.2224
6mar15_1mar15_PWD_m1_sp4_6.2_rev,111,3.8863,0.034998,0.41547,11,7,2,0.019103,5.2325,15,0.13063,1.5292,24,0.22034,1.3134,35,0.31617,0.75301,41,0.37365,0.73246,46,0.41074,0.78989,59,0.53097,1.7971,70,0.62712,0.37072,79,0.70804,2.2553,101,0.90562,1.5254,106,0.95577,2.0072
6mar15_1mar15_PWD_m1_sp4_6.2_rev,223,109.2587,0.48891,0.39174,6,8,31,0.14032,0,61,0.27385,0,107,0.47996,5.5063,111,0.49831,4.0179,122,0.54441,0,208,0.93011,0
6mar15_1mar15_PWD_m1_sp4_6.2_rev,89,4.9367,0.055636,0.45078,6,9,3,0.033539,0,7,0.078465,0,25,0.27761,0,39,0.43676,0,73,0.82492,0,77,0.86648,0
6mar15_1mar15_PWD_m1_sp4_6_rev,223,108.8747,0.48719,0.61991,6,12,31,0.14037,0,61,0.27501,0,107,0.47876,5.4235,111,0.49827,3.5783,121,0.54279,0,208,0.93011,0
6mar15_1mar15_PWD_m1_sp4_6_rev,88,4.8869,0.05533,0.71445,6,13,3,0.033116,0,7,0.078272,0,24,0.2772,0,39,0.43822,0,73,0.82813,0,77,0.8687,0
6mar15_1mar15_PWD_m1_sp4_6_rev,114,5.2174,0.045759,0.65041,5,14,5,0.040675,0.50117,55,0.48605,1.5973,75,0.65912,0,106,0.93097,0.98743,113,0.98983,0
6mar15_1mar15_PWD_m1_sp4_6_rev,118,4.7031,0.03971,0.62559,3,15,18,0.15178,0,39,0.32861,0,109,0.92221,0
6mar15_1mar15_PWD_m1_sp4_6_rev,65,6.2787,0.09707,0.65725,6,16,3,0.044172,3.6883,8,0.12577,0,25,0.38202,0,32,0.50174,0,51,0.7834,0,63,0.96908,4.5896
6mar15_1mar15_PWD_m1_sp4_6_rev,57,6.6097,0.11498,0.69405,1,17,47,0.81489,10.4824
6mar15_1mar15_PWD_m1_sp4_6_rev,63,6.1175,0.097419,0.7112,1,18,53,0.84082,7.6851
6mar15_1mar15_PWD_m1_sp4_6_rev,115,5.392,0.046997,0.64278,4,19,4,0.039035,0,43,0.3745,0,100,0.87227,0,108,0.94341,0
6mar15_1mar15_PWD_m1_sp4_6_rev,104,6.9335,0.066606,0.73753,3,20,4,0.033669,1.9923,84,0.80874,0,95,0.91566,0
6mar15_1mar15_PWD_m1_sp4_6_rev,106,5.1588,0.048819,0.61647,3,22,30,0.28372,9.6367,100,0.94941,6.3511,104,0.98629,11.1926
6mar15_1mar15_PWD_m1_sp4_6_rev,85,4.7509,0.056117,0.63336,5,23,2,0.027793,0.92189,6,0.07089,0,54,0.63997,0,76,0.89288,0,82,0.97221,4.2777
6mar15_1mar15_PWD_m1_sp4_6_rev,42,6.0569,0.14417,0.72419,2,24,6,0.15004,3.4147,26,0.61622,13.5783
6mar15_1mar15_PWD_m1_sp4_6_rev,93,4.259,0.045714,0.57968,2,25,17,0.18219,6.2699,80,0.85468,6.1395
6mar15_1mar15_PWD_m1_sp4_6_rev,86,4.5622,0.052796,0.60439,2,26,17,0.20038,0,77,0.88723,0
6mar15_1mar15_PWD_m1_sp4_6_rev,66,9.6636,0.14651,0.67633,6,4,4,0.05713,0.80962,11,0.16476,0,29,0.43706,0,48,0.72437,0,53,0.80142,0,64,0.96924,4.9623
6mar15_1mar15_PWD_m1_sp4_6_rev,135,46.8751,0.34823,0.64596,9,5,4,0.032547,9.4364,33,0.24196,0.60803,47,0.35085,6.4353,61,0.45249,1.3951,75,0.55664,3.2336,92,0.68305,1.3317,109,0.8074,1.5895,125,0.93151,5.1372,130,0.96417,4.2188
6mar15_1mar15_PWD_m1_sp4_6_rev,97,5.9755,0.061812,0.69047,3,7,5,0.055653,1.6826,29,0.29974,9.937,87,0.89945,11.8458
6mar15_1mar15_PWD_m1_sp4_6_rev,111,4.2394,0.03816,0.65752,11,8,3,0.024549,5.2518,15,0.1337,1.5304,24,0.21808,1.162,36,0.31969,0.75286,42,0.37717,0.72917,46,0.4178,0.92766,59,0.53129,1.7969,70,0.62963,0.37067,79,0.71052,2.2556,101,0.90892,1.5258,107,0.95903,2.0092
6mar15_1mar15_PWD_m1_sp4_6_rev,98,8.1312,0.08288,0.6987,4,9,8,0.08288,0,20,0.19937,7.672,61,0.61987,0,77,0.78431,4.0813
6mar15_1mar15_PWD_m1_sp4_7_rev,81,5.0168,0.061609,0.62246,5,1,7,0.081213,6.6342,15,0.17826,8.4405,62,0.7589,6.6475,68,0.84078,4.3119,77,0.93994,8.6285
6mar15_1mar15_PWD_m1_sp4_7_rev,74,3.1836,0.043265,0.67611,5,10,5,0.070636,0,27,0.3652,0,38,0.51278,0,54,0.73134,0,64,0.8736,0
6mar15_1mar15_PWD_m1_sp4_7_rev,78,3.9602,0.050697,0.61317,4,11,12,0.1597,0,23,0.29297,0,28,0.36128,0,58,0.73902,0
6mar15_1mar15_PWD_m1_sp4_7_rev,54,4.2272,0.078107,0.66776,3,12,6,0.10678,1.0826,28,0.50847,3.6647,50,0.91675,11.5166
6mar15_1mar15_PWD_m1_sp4_7_rev,110,3.3255,0.030313,0.63647,4,13,6,0.056172,6.4497,14,0.12734,5.8194,25,0.22701,10.3027,93,0.84661,7.4922
6mar15_1mar15_PWD_m1_sp4_7_rev,97,5.4398,0.055884,0.66003,3,15,31,0.32352,3.4719,45,0.46411,7.6105,92,0.942,9.6417
6mar15_1mar15_PWD_m1_sp4_7_rev,81,4.4968,0.055342,0.67819,1,16,78,0.957,0
6mar15_1mar15_PWD_m1_sp4_7_rev,59,4.3464,0.073147,0.68975,6,17,3,0.056438,5.3362,6,0.10841,0,15,0.26079,0.88136,27,0.45211,0,42,0.7058,0,58,0.97115,2.3652
6mar15_1mar15_PWD_m1_sp4_7_rev,76,4.2382,0.0556,0.69388,2,18,26,0.34018,0,56,0.72837,0
6mar15_1mar15_PWD_m1_sp4_7_rev,85,8.0267,0.094181,0.68194,9,19,5,0.054353,8.3249,21,0.24742,5.1181,32,0.3798,0.74908,43,0.50184,0.72733,58,0.67476,0.75323,62,0.72829,0.75061,69,0.81282,7.8086,77,0.90179,3.7836,83,0.97686,2.9931
6mar15_1mar15_PWD_m1_sp4_7_rev,106,5.2895,0.04973,0.58531,3,2,4,0.03408,1.0131,20,0.19146,7.4307,101,0.94753,9.8903
6mar15_1mar15_PWD_m1_sp4_7_rev,55,5.8838,0.10703,0.59344,3,3,22,0.40021,11.2251,30,0.5521,0.57689,46,0.83231,8.9797
6mar15_1mar15_PWD_m1_sp4_7_rev,98,5.8916,0.059927,0.54333,2,4,28,0.28054,0,90,0.91471,0
6mar15_1mar15_PWD_m1_sp4_7_rev,73,3.1028,0.04251,0.56978,5,5,7,0.096113,0,30,0.41648,0,49,0.67796,0,56,0.77327,0,71,0.97431,0
6mar15_1mar15_PWD_m1_sp4_7_rev,118,4.6365,0.039229,0.54872,3,6,37,0.31037,0,58,0.4891,0,104,0.87675,0
6mar15_1mar15_PWD_m1_sp4_7_rev,109,6.7269,0.061925,0.643,4,7,34,0.30857,3.0996,44,0.40592,10.8558,91,0.84215,1.7766,103,0.94671,7.4199
6mar15_1mar15_PWD_m1_sp4_7_rev,68,5.5209,0.08145,0.62479,4,8,4,0.055531,1.7799,13,0.19633,8.0765,56,0.82864,5.923,66,0.97234,1.6986
6mar15_1mar15_PWD_m1_sp4_7_rev,86,5.7726,0.067285,0.6238,3,9,2,0.02632,2.2846,10,0.11172,5.8665,67,0.77956,8.2082
6mar15_1mar15_PWD_m1_sp4_8_rev,79,7.5611,0.096281,0.5739,2,1,13,0.16754,0,40,0.51555,0
6mar15_1mar15_PWD_m1_sp4_8_rev,85,3.2907,0.0385,0.56379,5,10,2,0.02794,5.7285,13,0.14771,10.6988,45,0.52787,3.4412,65,0.75756,2.5303,78,0.90774,8.2945
6mar15_1mar15_PWD_m1_sp4_8_rev,56,5.0989,0.091136,0.61723,3,11,1,0.016249,0,6,0.10017,0,36,0.64665,0
6mar15_1mar15_PWD_m1_sp4_8_rev,96,6.9402,0.072496,0.59986,2,12,27,0.28056,0,80,0.83706,0
6mar15_1mar15_PWD_m1_sp4_8_rev,55,10.504,0.19233,0.56838,6,13,9,0.16908,8.3157,19,0.34225,3.3271,31,0.5653,2.1834,39,0.72206,4.4678,45,0.82229,1.9748,51,0.92999,4.933
6mar15_1mar15_PWD_m1_sp4_8_rev,117,4.6245,0.03965,0.56406,5,14,22,0.19213,9.8215,44,0.37607,3.6312,60,0.51664,3.4176,75,0.64175,3.1231,115,0.98792,7.297
6mar15_1mar15_PWD_m1_sp4_8_rev,74,4.3094,0.05802,0.57976,9,15,1,0.019512,0,13,0.17614,0.86565,22,0.29003,0,28,0.37735,1.3419,34,0.45679,0,45,0.60807,0,49,0.66203,1.8289,59,0.79353,0,71,0.95707,1.0755
6mar15_1mar15_PWD_m1_sp4_8_rev,77,3.4155,0.044177,0.59588,4,16,7,0.090373,0,24,0.31114,0,46,0.59267,0,69,0.89043,0
6mar15_1mar15_PWD_m1_sp4_8_rev,78,4.6981,0.060338,0.54818,1,17,27,0.34744,0
6mar15_1mar15_PWD_m1_sp4_8_rev,86,4.1628,0.048163,0.53843,3,18,35,0.40926,0,43,0.50228,0,80,0.92193,0
6mar15_1mar15_PWD_m1_sp4_8_rev,149,4.1685,0.028065,0.62884,20,2,2,0.012623,1.7848,6,0.040963,2.1457,13,0.085865,2.4373,18,0.12122,5.5418,27,0.18299,2.5056,34,0.2262,2.8022,39,0.26507,6.0603,46,0.30818,3.6127,63,0.42709,5.3062,76,0.51498,6.5398,82,0.5503,2.9818,86,0.58076,2.1405,96,0.64426,7.9564,106,0.71514,1.8076,113,0.75808,1.6906,123,0.82655,2.678,129,0.86576,5.0596,135,0.90914,5.4538,142,0.95491,2.7669,147,0.99158,2.2742
6mar15_1mar15_PWD_m1_sp4_8_rev,105,3.7017,0.035228,0.60265,2,3,17,0.15826,0,100,0.94698,0
6mar15_1mar15_PWD_m1_sp4_8_rev,59,4.6225,0.078759,0.61406,1,4,41,0.69618,9.2612
6mar15_1mar15_PWD_m1_sp4_8_rev,87,3.2836,0.037751,0.60487,4,5,13,0.14927,0.72632,38,0.43342,3.1957,56,0.64412,1.1182,72,0.8279,5.9089
6mar15_1mar15_PWD_m1_sp4_8_rev,94,3.0817,0.032834,0.57768,3,6,20,0.21556,0,28,0.29634,0,90,0.96129,0
6mar15_1mar15_PWD_m1_sp4_8_rev,70,4.1468,0.059215,0.56014,4,7,2,0.026775,3.1858,15,0.20726,3.2485,45,0.64836,7.9581,68,0.97769,0.36996
6mar15_1mar15_PWD_m1_sp4_8_rev,96,2.9508,0.030791,0.58556,4,8,24,0.25056,0,76,0.79578,0,88,0.92133,0,95,0.99316,0
6mar15_1mar15_PWD_m1_sp4_8_rev,90,3.1199,0.034649,0.56473,3,9,27,0.29657,0,76,0.84134,0,81,0.89941,0
6mar15_1mar15_PWD_m5_sp4_1_rev,79,4.0966,0.052049,0.62431,4,14,5,0.061069,0.67676,24,0.3086,0,49,0.62577,0,72,0.91312,0
6mar15_1mar15_PWD_m5_sp4_1_rev,105,7.9121,0.07565,0.63882,6,16,6,0.057858,9.8824,22,0.20924,3.7415,29,0.27428,2.1056,34,0.329,1.6506,46,0.4432,1.5806,102,0.97506,3.2007
6mar15_1mar15_PWD_m5_sp4_1_rev,34,9.3548,0.27524,0.62723,3,17,14,0.41761,0,19,0.56404,2.0992,26,0.75381,3.5625
6mar15_1mar15_PWD_m5_sp4_1_rev,113,2.0588,0.018181,0.56519,4,20,5,0.046752,8.0856,78,0.69119,1.8208,103,0.91301,2.4969,108,0.95757,3.2301
6mar15_1mar15_PWD_m5_sp4_1_rev,32,2.6087,0.082308,0.62795,1,24,4,0.11889,8.9184
6mar15_1mar15_PWD_m5_sp4_1_rev,187,54.649,0.29283,0.50835,9,25,16,0.087777,1.4522,32,0.17103,3.4769,48,0.25721,3.5682,54,0.28908,4.6112,60,0.32184,1.9313,122,0.65579,1.2785,126,0.67781,0.9521,167,0.89622,2.3127,185,0.99223,7.2596
6mar15_1mar15_PWD_m5_sp4_1_rev,51,5.6151,0.1094,0.60001,2,26,8,0.14915,0,21,0.4002,0
6mar15_1mar15_PWD_m5_sp4_1_rev,37,12.6316,0.3394,0.66124,3,3,11,0.30169,2.4921,23,0.60609,0,28,0.75251,5.03
6mar15_1mar15_PWD_m5_sp4_1_rev,109,5.0015,0.045761,0.57017,5,31,5,0.045761,10.3299,21,0.19366,0.69755,29,0.26732,1.8937,39,0.35596,1.1564,106,0.96956,5.7761
6mar15_1mar15_PWD_m5_sp4_1_rev,34,4.0225,0.12001,0.53354,2,32,2,0.065264,4.0654,27,0.81083,0.95206
6mar15_1mar15_PWD_m5_sp4_1_rev,130,4.0046,0.030801,0.50224,3,33,4,0.026936,0,105,0.80532,0,120,0.92635,0
6mar15_1mar15_PWD_m5_sp4_1_rev,69,8.8187,0.12736,0.50042,2,35,6,0.092412,8.1684,25,0.35746,2.0148
6mar15_1mar15_PWD_m5_sp4_1_rev,91,15.236,0.16685,0.4739,8,37,15,0.15914,5.1613,29,0.31467,3.9907,33,0.36516,2.9673,45,0.49008,2.2474,69,0.75563,1.6273,75,0.81641,0.62556,83,0.9066,3.2522,88,0.96135,0.30624
6mar15_1mar15_PWD_m5_sp4_1_rev,23,5.693,0.24764,0.63358,1,38,3,0.12346,0
6mar15_1mar15_PWD_m5_sp4_1_rev,53,25.2753,0.47579,0.50732,5,42,8,0.15877,3.2964,25,0.46254,5.8321,42,0.79024,4.0802,48,0.90034,4.1452,52,0.97785,3.9432
6mar15_1mar15_PWD_m5_sp4_1_rev,64,26.9482,0.41888,0.47478,4,45,9,0.13392,4.7819,20,0.31387,5.04,27,0.41888,5.2668,43,0.66226,5.0857
6mar15_1mar15_PWD_m5_sp4_1_rev,74,36.6446,0.49779,0.48673,5,49,0,0.0038266,0,12,0.1645,0,19,0.25188,0,25,0.34425,0,37,0.5077,1.5457
6mar15_1mar15_PWD_m5_sp4_1_rev,56,10.6719,0.19074,0.62973,6,5,10,0.18032,2.8936,21,0.38427,1.5551,28,0.49305,0.7419,35,0.63138,1.9942,42,0.75827,2.1866,47,0.84688,5.1053
6mar15_1mar15_PWD_m5_sp4_1_rev,75,28.4438,0.38025,0.46625,6,55,11,0.14412,6.9982,27,0.36738,2.9227,31,0.41359,2.8332,38,0.50419,0.84111,43,0.57611,1.9093,66,0.87659,5.115
6mar15_1mar15_PWD_m5_sp4_1_rev,43,4.8456,0.11224,0.55778,4,56,2,0.049135,10.247,15,0.33642,1.9963,22,0.49887,2.3091,42,0.97894,0.3596
6mar15_1mar15_PWD_m5_sp4_1_rev,37,7.5758,0.2075,0.46104,4,58,7,0.1992,0,21,0.56315,0,29,0.78891,3.4828,35,0.9585,0
6mar15_1mar15_PWD_m5_sp4_1_rev,47,6.933,0.14759,0.65344,4,6,7,0.15291,0,20,0.43253,3.3021,27,0.5694,1.5293,33,0.70983,0
6mar15_1mar15_PWD_m5_sp4_1_rev,82,2.8812,0.035297,0.48498,9,63,1,0.0074247,0,13,0.15805,1.9056,24,0.29385,0,28,0.34675,0,43,0.52342,0,53,0.6448,0,60,0.74074,0,69,0.84491,0,80,0.97401,0.88019
6mar15_1mar15_PWD_m5_sp4_1_rev,61,4.3844,0.071331,0.52033,1,64,31,0.50512,6.9092
6mar15_1mar15_PWD_m5_sp4_1_rev,32,7.2455,0.22432,0.5896,2,65,4,0.12799,0,22,0.67826,0
6mar15_1mar15_PWD_m5_sp4_1_rev,64,2.1538,0.033686,0.52906,2,68,4,0.057747,5.6487,50,0.78201,2.5113
6mar15_1mar15_PWD_m5_sp4_1_rev,100,4.295,0.042977,0.55057,8,73,5,0.051509,3.1606,16,0.15709,0.61416,25,0.24829,0.3025,44,0.43978,0,69,0.69377,0,79,0.79336,0.7099,89,0.89325,0,96,0.95884,2.8476
6mar15_1mar15_PWD_m5_sp4_1_rev,128,4.2487,0.033318,0.57747,2,74,3,0.023064,0.75532,12,0.093158,8.285
6mar15_1mar15_PWD_m5_sp4_1_rev,77,3.3846,0.043806,0.66202,6,75,4,0.051624,3.5862,15,0.19435,0.28633,40,0.5174,3.4967,45,0.58807,1.8067,55,0.71462,3.9768,75,0.96889,3.3579
6mar15_1mar15_PWD_m5_sp4_1_rev,118,8.6387,0.073386,0.61336,8,77,4,0.034905,3.9594,12,0.10417,4.2235,30,0.25831,3.6774,43,0.36639,3.3295,56,0.47383,0.8965,75,0.63803,4.1827,92,0.78353,1.4193,114,0.96495,4.5315
6mar15_1mar15_PWD_m5_sp4_1_rev,104,3.1228,0.029934,0.63439,6,78,5,0.045874,5.7019,29,0.27504,3.8957,63,0.60028,2.2812,70,0.67038,0.7177,88,0.84761,7.5294,104,1,3.0736
6mar15_1mar15_PWD_m5_sp4_1_rev,61,5.3588,0.087853,0.65783,4,80,2,0.024839,0,25,0.41121,0,49,0.80106,0,58,0.943,4.1095
7mar15_1mar15_PWD_m1_sp4_1.1_rev,97,5.0619,0.052435,0.6991,7,1,3,0.034777,3.2395,9,0.096655,3.2554,17,0.17611,2.9913,23,0.24288,8.537,67,0.69495,2.2601,88,0.91184,2.5786,97,1,0.91898
7mar15_1mar15_PWD_m1_sp4_1.1_rev,88,4.91,0.055608,0.58675,3,10,17,0.1878,0,58,0.6561,0,84,0.95303,0
7mar15_1mar15_PWD_m1_sp4_1.1_rev,135,3.3381,0.024735,0.51866,4,11,38,0.27953,0,68,0.50468,0,86,0.6357,0,124,0.91711,0
7mar15_1mar15_PWD_m1_sp4_1.1_rev,54,5.5907,0.10302,0.57765,6,12,1,0.027099,2.2992,6,0.11219,1.1702,20,0.37241,1.7451,31,0.57198,1.6272,39,0.71561,1.4493,50,0.92564,3.7433
7mar15_1mar15_PWD_m1_sp4_1.1_rev,80,4.8886,0.061347,0.51693,5,13,6,0.070096,4.0559,13,0.16704,5.3091,35,0.44085,2.6491,71,0.88489,7.0854,75,0.94711,3.6538
7mar15_1mar15_PWD_m1_sp4_1.1_rev,71,5.8179,0.081382,0.51651,6,16,5,0.070902,1.5697,11,0.15204,2.9093,24,0.33338,0.53438,50,0.70243,0.53345,58,0.81214,1.3822,68,0.94907,2.3472
7mar15_1mar15_PWD_m1_sp4_1.1_rev,85,10.3316,0.12086,0.53344,2,17,6,0.072865,3.0516,81,0.94683,7.5123
7mar15_1mar15_PWD_m1_sp4_1.1_rev,81,4.18,0.051732,0.75936,3,3,3,0.037396,8.7604,53,0.65241,7.4975,66,0.81866,12.1696
7mar15_1mar15_PWD_m1_sp4_1.1_rev,114,22.3968,0.19728,0.65302,7,4,7,0.058082,4.4571,22,0.19506,3.5613,42,0.37124,5.306,58,0.51497,0.3785,86,0.75551,8.3823,99,0.87402,5.8172,106,0.93314,1.6096
7mar15_1mar15_PWD_m1_sp4_1.1_rev,127,3.981,0.031272,0.6054,3,5,23,0.18432,0,56,0.43625,0,118,0.92747,0
7mar15_1mar15_PWD_m1_sp4_1.1_rev,89,2.6015,0.029319,0.60048,2,6,37,0.41313,0,49,0.54986,0
7mar15_1mar15_PWD_m1_sp4_1.1_rev,104,4.3235,0.041465,0.53351,3,7,50,0.48345,11.1154,88,0.8486,8.2578,101,0.96569,2.5453
7mar15_1mar15_PWD_m1_sp4_1.1_rev,81,2.3351,0.028796,0.6516,2,8,24,0.30173,0,72,0.88273,0
7mar15_1mar15_PWD_m1_sp4_1.1_rev,91,4.8056,0.052683,0.5887,1,9,86,0.94602,3.7949
7mar15_1mar15_PWD_m1_sp4_1.2_rev,127,5.6547,0.04451,0.4487,1,10,28,0.22253,0
7mar15_1mar15_PWD_m1_sp4_1.2_rev,82,4.5866,0.055859,0.49066,1,11,61,0.74399,0
7mar15_1mar15_PWD_m1_sp4_1.2_rev,68,4.2026,0.061493,0.50526,2,13,44,0.64266,0,49,0.71527,0
7mar15_1mar15_PWD_m1_sp4_1.2_rev,106,4.4976,0.042469,0.49635,8,14,4,0.040103,1.8394,20,0.19099,1.3481,30,0.284,0.66865,68,0.64499,0.36737,87,0.81848,2.206,92,0.86777,0.24067,100,0.94234,0.60478,104,0.98591,0.56639
7mar15_1mar15_PWD_m1_sp4_1.2_rev,111,5.975,0.054034,0.48504,5,15,7,0.066266,2.0019,22,0.19974,0,63,0.5692,0,76,0.68648,0,106,0.95707,0.52862
7mar15_1mar15_PWD_m1_sp4_1.2_rev,35,16.745,0.47508,0.49568,4,16,7,0.18526,1.7258,14,0.40775,8.3255,27,0.76197,3.6537,32,0.90972,0.96647
7mar15_1mar15_PWD_m1_sp4_1.2_rev,82,4.2448,0.051899,0.49513,1,2,71,0.86545,0
7mar15_1mar15_PWD_m1_sp4_1.2_rev,55,5.7757,0.10596,0.51029,3,3,9,0.16001,3.9892,29,0.53292,3.2532,54,0.98357,2.9107
7mar15_1mar15_PWD_m1_sp4_1.2_rev,99,4.3148,0.043407,0.46474,5,5,2,0.015968,0,15,0.14597,0,20,0.20529,0,89,0.89982,0,95,0.95585,0
7mar15_1mar15_PWD_m1_sp4_1.2_rev,63,6.6454,0.10576,0.45437,1,7,56,0.89677,6.2964
7mar15_1mar15_PWD_m1_sp4_1.2_rev,115,5.2586,0.045885,0.45337,2,8,27,0.23474,4.812,94,0.8218,0
7mar15_1mar15_PWD_m1_sp4_1.2_rev,86,6.4435,0.075294,0.48505,2,9,27,0.31546,0,82,0.95445,0
7mar15_1mar15_PWD_m1_sp4_1_rev,80,3.8097,0.047574,0.7543,3,11,3,0.034257,8.76,52,0.65239,7.4286,66,0.8245,12.061
7mar15_1mar15_PWD_m1_sp4_1_rev,128,3.8781,0.030395,0.60126,3,13,24,0.18465,0,56,0.43767,0,118,0.92701,0
7mar15_1mar15_PWD_m1_sp4_1_rev,89,2.6016,0.029386,0.59464,3,14,37,0.41404,0,49,0.55107,0,58,0.65286,0
7mar15_1mar15_PWD_m1_sp4_1_rev,104,4.3236,0.041548,0.52981,3,15,50,0.48239,11.1096,88,0.8483,8.2588,100,0.96562,2.5453
7mar15_1mar15_PWD_m1_sp4_1_rev,81,2.3351,0.028847,0.64628,2,16,24,0.30227,0,71,0.88246,0
7mar15_1mar15_PWD_m1_sp4_1_rev,91,4.8056,0.052562,0.583,1,17,87,0.94614,3.7949
7mar15_1mar15_PWD_m1_sp4_1_rev,89,4.9117,0.055494,0.58152,3,18,17,0.18738,0,58,0.65694,0,85,0.95595,0
7mar15_1mar15_PWD_m1_sp4_1_rev,135,3.5821,0.026586,0.51228,4,19,38,0.28022,0,68,0.50649,1.5801,86,0.63695,0,124,0.91882,0
7mar15_1mar15_PWD_m1_sp4_1_rev,52,3.3846,0.06551,0.69831,3,2,25,0.4878,0,34,0.65354,0,43,0.83723,0
7mar15_1mar15_PWD_m1_sp4_1_rev,54,5.6394,0.1041,0.5656,6,20,1,0.027145,2.3007,6,0.11328,1.1704,20,0.37398,1.7457,31,0.57381,1.6258,39,0.71968,1.4505,50,0.92549,3.7428
7mar15_1mar15_PWD_m1_sp4_1_rev,80,4.8886,0.061345,0.51619,5,21,6,0.070094,4.0559,13,0.16703,5.3091,35,0.44255,2.6513,70,0.88176,7.338,75,0.94711,3.6538
7mar15_1mar15_PWD_m1_sp4_1_rev,72,5.8179,0.081147,0.51334,6,25,5,0.070697,1.7349,11,0.15449,2.9409,24,0.3353,0.70057,51,0.70679,0.70382,58,0.81122,0.90488,68,0.94922,2.3478
7mar15_1mar15_PWD_m1_sp4_1_rev,99,5.6291,0.057068,0.52991,2,26,2,0.018433,3.0516,78,0.78878,7.2403
7mar15_1mar15_PWD_m1_sp4_1_rev,83,4.5509,0.055136,0.53162,1,28,71,0.86005,0
7mar15_1mar15_PWD_m1_sp4_1_rev,54,6.0763,0.1115,0.5489,3,29,9,0.16552,3.9774,29,0.53833,3.2551,54,0.98888,2.9362
7mar15_1mar15_PWD_m1_sp4_1_rev,145,6.7772,0.04686,0.68153,3,3,51,0.35462,0,74,0.50841,0,126,0.87387,0
7mar15_1mar15_PWD_m1_sp4_1_rev,68,4.189,0.061706,0.50508,1,30,35,0.51633,4.8859
7mar15_1mar15_PWD_m1_sp4_1_rev,64,6.8353,0.10643,0.53299,2,31,7,0.10643,0,35,0.54682,0
7mar15_1mar15_PWD_m1_sp4_1_rev,53,6.1989,0.11727,0.49094,4,37,6,0.1106,1.513,11,0.21379,1.8317,41,0.77798,1.4064,51,0.97218,0.40012
7mar15_1mar15_PWD_m1_sp4_1_rev,89,9.1086,0.10266,0.48692,1,38,31,0.34975,7.1646
7mar15_1mar15_PWD_m1_sp4_1_rev,82,4.785,0.058028,0.52686,1,39,62,0.74689,0
7mar15_1mar15_PWD_m1_sp4_1_rev,87,8.8424,0.10113,0.76822,6,4,10,0.11895,0,43,0.48794,0,57,0.65555,0,62,0.7131,0,67,0.77059,0,84,0.95589,0
7mar15_1mar15_PWD_m1_sp4_1_rev,68,4.3034,0.063454,0.53961,3,40,19,0.27402,2.262,44,0.64438,0,48,0.71397,0.30666
7mar15_1mar15_PWD_m1_sp4_1_rev,111,5.9321,0.053569,0.51144,5,43,7,0.065775,3.9206,22,0.20001,0,63,0.56895,0,76,0.68386,0,106,0.95715,1.1858
7mar15_1mar15_PWD_m1_sp4_1_rev,36,3.6364,0.099968,0.52248,1,44,6,0.15139,0
7mar15_1mar15_PWD_m1_sp4_1_rev,124,4.2122,0.033895,0.73284,2,5,36,0.29344,0.46468,102,0.81893,5.3789
7mar15_1mar15_PWD_m1_sp4_1_rev,72,7.1875,0.10012,0.70601,9,8,2,0.034826,2.9236,9,0.12624,3.8766,15,0.21012,1.397,24,0.33425,1.0863,33,0.45608,0.32883,38,0.52359,0.42118,45,0.62111,0.57572,49,0.67642,0.51545,67,0.9349,2.1097
7mar15_1mar15_PWD_m1_sp4_1_rev,97,5.0617,0.052433,0.6951,7,9,3,0.034781,3.2409,9,0.09664,3.2554,17,0.1761,2.9913,23,0.23923,8.6871,67,0.69495,2.2601,88,0.91184,2.5786,97,1,0.91898
7mar15_1mar15_PWD_m1_sp4_10_rev,67,4.8472,0.072082,0.14679,9,14,3,0.050455,0.42746,9,0.13097,0.44847,29,0.42688,0.37258,35,0.51398,0.3075,39,0.57331,0.29973,46,0.6886,0.25635,54,0.8,0.49082,62,0.92344,0.41246,67,0.99056,0.34264
7mar15_1mar15_PWD_m1_sp4_10_rev,53,6.2648,0.11749,0.1376,4,16,4,0.079602,0.95826,19,0.35546,0.28859,44,0.81731,0.059306,52,0.97457,0.3872
7mar15_1mar15_PWD_m1_sp4_10_rev,66,3.0888,0.046769,0.15384,3,17,3,0.052076,1.1971,39,0.59713,0.44577,64,0.96458,0.29533
7mar15_1mar15_PWD_m1_sp4_10_rev,71,0.63492,0.0089521,0.13992,7,18,3,0.040285,0,7,0.10295,0.20999,16,0.21886,0.60496,22,0.30836,0,32,0.44776,0,55,0.78041,0.29889,59,0.82777,0.30908
7mar15_1mar15_PWD_m1_sp4_10_rev,111,5.1413,0.046296,0.13999,7,2,2,0.016372,0,13,0.11806,0,43,0.38456,0,50,0.45069,0,66,0.5924,0,79,0.70729,0,107,0.96684,0.48693
7mar15_1mar15_PWD_m1_sp4_10_rev,73,1.3699,0.018735,0.1111,7,22,2,0.029976,0,8,0.11614,0.14981,20,0.27947,0,30,0.40803,0.073233,41,0.56678,0.31006,57,0.77412,0,67,0.91056,0.27436
7mar15_1mar15_PWD_m1_sp4_10_rev,56,5.6686,0.10118,0.13829,7,24,5,0.085978,0.38683,10,0.17789,0.46076,19,0.33174,0.34636,25,0.44666,0.35322,37,0.65728,0.29532,43,0.76245,0.38123,53,0.94522,0.32926
7mar15_1mar15_PWD_m1_sp4_10_rev,81,0.88235,0.010878,0.11973,11,25,3,0.042154,0.24095,7,0.091267,0.13946,16,0.19199,0,22,0.27152,0,30,0.36805,0.25989,40,0.48733,0.12865,48,0.5912,0.26209,54,0.66889,0,63,0.77372,0.31692,67,0.82272,0.16683,77,0.95324,0.39764
7mar15_1mar15_PWD_m1_sp4_10_rev,82,9.5828,0.11696,0.13678,9,26,6,0.074109,0.31251,11,0.13166,0,19,0.22969,0.13487,33,0.40261,0,46,0.55788,0.065209,54,0.65448,0.24373,59,0.71736,0,64,0.78122,0.21371,79,0.96288,0.15736
7mar15_1mar15_PWD_m1_sp4_10_rev,39,4.839,0.1239,0.12842,2,28,4,0.10847,0.45663,25,0.6494,2.5787
7mar15_1mar15_PWD_m1_sp4_10_rev,110,10.5686,0.096448,0.11621,5,30,4,0.040352,0.8269,16,0.14683,0.1394,56,0.51291,0.13444,61,0.55736,0.55462,79,0.72419,1.5223
7mar15_1mar15_PWD_m1_sp4_10_rev,65,0.89552,0.01374,0.12113,3,31,3,0.045883,0,17,0.2541,0.23979,51,0.77685,0
7mar15_1mar15_PWD_m1_sp4_10_rev,115,5.625,0.048841,0.10251,3,32,25,0.21629,0,31,0.26858,0,115,0.99457,0
7mar15_1mar15_PWD_m1_sp4_10_rev,61,4.0527,0.066777,0.15433,5,4,4,0.070911,1.0926,14,0.22569,0.060829,21,0.34145,0.18034,43,0.70096,0.97194,60,0.99508,0.90735
7mar15_1mar15_PWD_m1_sp4_10_rev,55,25.8219,0.47226,0.10891,8,40,3,0.063614,0.35491,9,0.15608,0.29838,15,0.26632,0.10868,20,0.35875,0.28545,25,0.45024,0.3663,32,0.59246,0.15727,40,0.73216,0.1657,49,0.89512,0.34094
7mar15_1mar15_PWD_m1_sp4_10_rev,115,11.6418,0.10122,0.12338,12,41,12,0.10381,0,31,0.27191,0.087765,39,0.33883,0.18932,48,0.41648,0,58,0.50689,0.088756,66,0.57209,0,74,0.64389,0,83,0.71882,0,88,0.76386,0,95,0.8229,0,103,0.8939,1.0024,109,0.94882,0.35156
7mar15_1mar15_PWD_m1_sp4_10_rev,64,7.5758,0.11926,0.10735,2,44,9,0.13834,0,47,0.73377,0
7mar15_1mar15_PWD_m1_sp4_10_rev,126,2.2951,0.018215,0.14508,8,46,2,0.018215,0.90383,21,0.16572,0,27,0.21563,0,34,0.26593,0,45,0.3561,0.062407,71,0.56717,0,84,0.66975,0,124,0.98179,1.1156
7mar15_1mar15_PWD_m1_sp4_10_rev,73,16.8151,0.23134,0.10684,10,48,9,0.12263,0.50504,19,0.26154,0.12971,24,0.32704,0.15026,33,0.46076,0.45326,42,0.58295,0.19432,47,0.64986,0.22604,54,0.73882,0.49029,59,0.80892,0.3966,66,0.9121,0.2739,73,1,0.47593
7mar15_1mar15_PWD_m1_sp4_10_rev,84,10.6672,0.1277,0.10733,10,49,6,0.072168,1.0512,18,0.21285,0.1549,23,0.27191,0.55167,32,0.38008,0.50587,39,0.46459,0.22476,42,0.50775,0.054689,50,0.59594,0.14632,60,0.71266,0.20757,72,0.86222,0.073426,80,0.96199,0.31723
7mar15_1mar15_PWD_m1_sp4_10_rev,70,10.7246,0.15286,0.10261,4,51,8,0.11568,0,17,0.24272,0,26,0.37447,0,36,0.50783,0.25913
7mar15_1mar15_PWD_m1_sp4_10_rev,60,1.4085,0.023325,0.10499,5,54,6,0.093301,0,23,0.37503,0,32,0.5351,0,46,0.75809,0,55,0.90443,0.5122
7mar15_1mar15_PWD_m1_sp4_10_rev,56,0.57143,0.010213,0.14531,7,8,3,0.045959,1.7732,16,0.27707,0.29282,28,0.50265,0.20417,33,0.59421,0.65519,38,0.67452,0.82603,43,0.77073,0.75513,49,0.87617,0.71181
7mar15_1mar15_PWD_m1_sp4_11_rev,111,26.3927,0.23758,0.66836,10,10,4,0.038885,11.7658,18,0.15983,21.3556,26,0.23311,22.9909,37,0.33321,7.3604,47,0.42393,5.8388,55,0.49367,5.8749,66,0.592,8.8504,87,0.77914,4.7419,95,0.85892,6.4606,109,0.98548,9.6943
7mar15_1mar15_PWD_m1_sp4_11_rev,70,27.9023,0.40012,0.70239,5,11,10,0.14107,28.1489,20,0.29079,6.8958,39,0.55653,9.2167,54,0.76746,8.3341,67,0.95592,9.0667
7mar15_1mar15_PWD_m1_sp4_11_rev,49,22.856,0.47016,0.72814,5,14,2,0.045568,7.7499,12,0.24573,3.0714,26,0.53627,6.5851,34,0.70337,0,45,0.92697,8.946
7mar15_1mar15_PWD_m1_sp4_11_rev,134,7.2023,0.05379,0.84142,13,19,1,0.011147,11.6413,17,0.12462,9.3943,28,0.20963,8.9763,39,0.2914,8.0517,45,0.33673,9.856,65,0.48239,9.4342,73,0.54891,6.5566,80,0.59491,8.1531,83,0.6203,7.7675,94,0.70029,12.2983,107,0.79789,18.8565,118,0.87784,27.5762,132,0.98216,16.545
7mar15_1mar15_PWD_m1_sp4_11_rev,89,3.2432,0.036491,0.71086,11,2,2,0.027368,11.0669,16,0.18039,8.2969,21,0.23158,9.8675,39,0.43862,9.4019,49,0.5478,6.6424,55,0.61392,7.2407,59,0.66868,8.2513,64,0.72049,8.7384,72,0.81216,6.3494,82,0.92688,10.0895,87,0.97567,11.8871
7mar15_1mar15_PWD_m1_sp4_11_rev,86,2.8214,0.032651,0.59579,11,20,5,0.054658,10.6931,16,0.18889,6.4514,26,0.29732,5.7032,33,0.37781,5.1515,39,0.45373,7.5626,49,0.57,5.5982,54,0.62053,5.9704,58,0.66633,5.4046,65,0.74714,6.8246,78,0.90053,5.1184,85,0.98016,9.3768
7mar15_1mar15_PWD_m1_sp4_11_rev,78,9.7635,0.12532,0.6976,9,4,3,0.034227,10.7468,8,0.10528,11.2821,13,0.16671,10.5301,29,0.37234,8.9849,42,0.534,7.9885,50,0.63974,8.2176,61,0.77942,4.3571,67,0.85581,6.4941,78,0.99572,11.3477
7mar15_1mar15_PWD_m1_sp4_11_rev,54,12.2755,0.2278,0.79122,6,5,5,0.10072,15.0376,19,0.35177,8.6548,23,0.43154,9.0607,30,0.55606,8.6823,43,0.78873,9.492,52,0.95717,11.3038
7mar15_1mar15_PWD_m1_sp4_12_rev,100,4.4817,0.04466,0.41273,5,10,7,0.07295,0,23,0.23296,0,48,0.47951,0,86,0.85837,0,91,0.91118,0
7mar15_1mar15_PWD_m1_sp4_12_rev,85,4.1765,0.049082,0.43881,8,12,2,0.026115,4.4148,8,0.093849,3.9862,14,0.16408,2.5881,25,0.29319,4.4227,40,0.46432,3.0318,57,0.67337,0.50124,65,0.76768,2.1603,79,0.92483,3.9679
7mar15_1mar15_PWD_m1_sp4_12_rev,65,7.0313,0.10809,0.45251,5,14,8,0.12268,0,13,0.19724,6.2492,29,0.4416,0,53,0.81867,3.4559,62,0.95346,0
7mar15_1mar15_PWD_m1_sp4_12_rev,91,7.9602,0.087491,0.44176,7,15,6,0.066587,0,11,0.12432,0,23,0.25691,0,33,0.36761,0,56,0.62073,0.72366,73,0.80153,0,89,0.9806,0
7mar15_1mar15_PWD_m1_sp4_12_rev,83,6.8204,0.082398,0.49531,7,16,4,0.045133,2.5113,9,0.11314,3.3249,29,0.35144,1.3111,42,0.50261,8.4821,51,0.61111,0.72504,58,0.69907,2.5702,80,0.96412,2.7465
7mar15_1mar15_PWD_m1_sp4_12_rev,116,4.2419,0.036511,0.38345,6,17,3,0.027061,5.4993,37,0.32204,2.0181,43,0.37249,0.72371,66,0.57095,0.29079,97,0.83647,7.545,113,0.97247,1.5523
7mar15_1mar15_PWD_m1_sp4_12_rev,83,5.7864,0.069586,0.43211,3,18,3,0.035026,0,23,0.27164,0,79,0.94596,0
7mar15_1mar15_PWD_m1_sp4_12_rev,127,3.1694,0.025047,0.39481,8,19,34,0.26859,0.92583,52,0.40939,0,55,0.43717,0,89,0.70471,5.0583,103,0.81606,0,110,0.87034,0,116,0.91555,0,123,0.97158,0
7mar15_1mar15_PWD_m1_sp4_12_rev,110,5.5538,0.050484,0.49344,9,2,2,0.020777,4.9303,13,0.12228,1.9059,17,0.15788,1.9318,23,0.20907,0.60747,53,0.47952,1.5714,58,0.52752,3.435,77,0.69967,5.7323,103,0.93741,0.9088,108,0.98182,2.484
7mar15_1mar15_PWD_m1_sp4_12_rev,97,3.4878,0.035975,0.46527,8,20,3,0.029771,1.6866,23,0.24119,0,28,0.29012,1.0585,33,0.34533,0,47,0.48118,0,71,0.73022,0,83,0.85221,0,94,0.97385,5.5592
7mar15_1mar15_PWD_m1_sp4_12_rev,66,5.2718,0.079742,0.57141,4,3,6,0.083491,0,36,0.54339,0,51,0.77276,0,57,0.86123,0
7mar15_1mar15_PWD_m1_sp4_12_rev,125,3.5285,0.02824,0.42711,4,4,19,0.15474,0,24,0.1929,0,96,0.76908,0,118,0.94102,0
7mar15_1mar15_PWD_m1_sp4_12_rev,145,2.4638,0.016953,0.51427,10,5,19,0.1284,6.5,45,0.3063,1.2787,54,0.37012,3.7481,58,0.40094,2.3019,87,0.59588,0.44557,97,0.66484,1.6554,109,0.75332,0.92885,126,0.8663,2.7297,134,0.92323,0.86599,144,0.98749,8.6098
7mar15_1mar15_PWD_m1_sp4_12_rev,79,7.2702,0.091507,0.41216,4,7,3,0.039442,0,37,0.47157,0,46,0.57596,0,68,0.8572,0
7mar15_1mar15_PWD_m1_sp4_12_rev,115,3.4826,0.030177,0.5114,9,8,5,0.041861,0,11,0.095935,0.99029,18,0.15211,0,23,0.20213,0,33,0.28806,0.30841,64,0.55322,0,83,0.71519,3.1006,108,0.9397,4.9458,114,0.98448,1.956
7mar15_1mar15_PWD_m1_sp4_12_rev,147,4.5431,0.030884,0.35627,6,9,4,0.02436,4.8694,14,0.095113,0,28,0.1872,0,55,0.37512,0,106,0.71863,0,144,0.97608,2.5049
7mar15_1mar15_PWD_m1_sp4_15_rev,49,3.0472,0.06223,0.74327,4,1,3,0.06223,0,10,0.21045,0,18,0.36141,0,44,0.901,0
7mar15_1mar15_PWD_m1_sp4_15_rev,54,4.9331,0.091149,0.7456,6,11,2,0.044124,7.2355,31,0.57142,2.2422,40,0.73283,9.1485,45,0.83107,2.0213,49,0.91055,3.4231,53,0.98345,3.0467
7mar15_1mar15_PWD_m1_sp4_15_rev,98,8.1142,0.083142,0.74314,5,12,3,0.027123,6.3415,15,0.15358,6.6874,26,0.26131,0.48236,47,0.48336,3.9367,95,0.97288,6.9177
7mar15_1mar15_PWD_m1_sp4_15_rev,82,2.0588,0.025249,0.69938,7,13,5,0.06348,0,15,0.18859,0,34,0.42012,0,42,0.51993,0,56,0.6827,0,71,0.873,0,79,0.97151,1.2894
7mar15_1mar15_PWD_m1_sp4_15_rev,90,6.4004,0.071071,0.66489,6,14,4,0.047616,4.3121,16,0.17498,5.7136,51,0.56337,7.5822,59,0.65102,2.8409,77,0.85595,9.1003,84,0.93174,3.0141
7mar15_1mar15_PWD_m1_sp4_15_rev,52,3.0007,0.057299,0.7376,4,15,2,0.037565,0,19,0.3654,0,31,0.58469,0,47,0.89168,0
7mar15_1mar15_PWD_m1_sp4_15_rev,75,2.8986,0.038825,0.77491,3,4,5,0.064131,2.8246,20,0.26494,0,72,0.96894,2.7979
7mar15_1mar15_PWD_m1_sp4_15_rev,90,4.1083,0.045655,0.75902,9,5,3,0.033355,1.2805,7,0.083242,0,16,0.18121,5.0187,31,0.34748,0,46,0.50917,1.2792,67,0.74838,0,75,0.83512,5.2461,80,0.89006,0,87,0.96944,5.9477
7mar15_1mar15_PWD_m1_sp4_15_rev,100,7.4928,0.075023,0.72936,7,6,2,0.023218,5.8979,17,0.17312,1.6059,23,0.22629,1.9111,33,0.32958,1.7442,49,0.49484,9.3212,59,0.58697,1.1022,79,0.78844,7.2225
7mar15_1mar15_PWD_m1_sp4_15_rev,97,7.3929,0.076032,0.74662,5,7,3,0.033178,0,11,0.11787,0.81797,26,0.26871,0,62,0.63359,0,91,0.93767,5.412
7mar15_1mar15_PWD_m1_sp4_15_rev,89,4.5185,0.050637,0.70003,4,9,2,0.024514,8.7685,31,0.34986,6.1698,68,0.75877,1.6115,87,0.97899,5.2837
7mar15_1mar15_PWD_m1_sp4_16_rev,116,4.0168,0.034499,0.73518,3,11,1,0.0096773,0,6,0.049244,0,77,0.66023,0
7mar15_1mar15_PWD_m1_sp4_16_rev,77,7.2621,0.094633,0.77372,3,12,2,0.028067,3.7474,58,0.75788,10.5468,74,0.95816,2.1064
7mar15_1mar15_PWD_m1_sp4_16_rev,122,9.1932,0.07506,0.76251,5,13,4,0.034638,0,54,0.44112,0,78,0.63421,0,105,0.86044,0,114,0.92857,0
7mar15_1mar15_PWD_m1_sp4_16_rev,92,4.2881,0.046449,0.75399,4,14,1,0.014443,7.0332,9,0.092086,4.5806,36,0.38775,4.7744,89,0.96396,0.88038
7mar15_1mar15_PWD_m1_sp4_16_rev,103,5.928,0.057742,0.78151,5,15,2,0.01959,0,17,0.16262,10.4484,50,0.48895,0,58,0.56333,0,86,0.83471,4.777
7mar15_1mar15_PWD_m1_sp4_16_rev,112,4.5436,0.040447,0.74401,7,2,2,0.02158,3.7348,11,0.097804,1.5726,25,0.22685,11.7956,41,0.36733,4.5715,92,0.81949,4.0329,103,0.91971,10.1602,111,0.98381,3.2889
7mar15_1mar15_PWD_m1_sp4_16_rev,57,5.4449,0.095207,0.78783,4,3,2,0.028665,5.3277,6,0.099578,7.884,29,0.50753,7.9684,47,0.82288,1.4428
7mar15_1mar15_PWD_m1_sp4_16_rev,90,6.3778,0.070482,0.77113,7,4,2,0.027203,5.8555,26,0.28379,2.5587,37,0.40762,2.0968,42,0.46534,2.9675,62,0.68306,9.3856,84,0.92639,1.5393,89,0.9864,4.1609
7mar15_1mar15_PWD_m1_sp4_16_rev,84,2.7498,0.032738,0.74941,3,5,4,0.045347,0,16,0.1926,8.9642,71,0.85042,0
7mar15_1mar15_PWD_m1_sp4_16_rev,78,3.3435,0.04272,0.76233,4,6,5,0.058385,1.2402,14,0.17611,0,36,0.4542,0,75,0.95305,6.0632
7mar15_1mar15_PWD_m1_sp4_16_rev,150,2.5714,0.017144,0.75231,8,7,2,0.011429,0,7,0.044013,0,20,0.13367,0,33,0.22236,0,66,0.44326,0,99,0.65887,0,104,0.69004,0,148,0.98476,0.86493
7mar15_1mar15_PWD_m1_sp4_16_rev,62,7.8657,0.12634,0.77944,5,9,3,0.051151,2.1541,10,0.1552,0,25,0.40568,0,50,0.80283,0,60,0.95763,9.7549
7mar15_1mar15_PWD_m1_sp4_17_rev,63,3.9145,0.062358,0.38375,4,1,11,0.17485,0,25,0.39567,8.7357,40,0.63902,3.3977,62,0.98972,0
7mar15_1mar15_PWD_m1_sp4_17_rev,64,4.9161,0.076733,0.37543,4,10,13,0.20377,0,27,0.41629,0,55,0.86197,0,61,0.94716,0
7mar15_1mar15_PWD_m1_sp4_17_rev,53,5.8291,0.11029,0.31846,3,13,6,0.12162,7.3428,36,0.6892,0,47,0.88033,0.46069
7mar15_1mar15_PWD_m1_sp4_17_rev,119,1.2698,0.010642,0.40485,6,14,2,0.015963,7.2506,33,0.27238,0,97,0.81215,0,106,0.88972,0,113,0.94652,0,118,0.99202,3.7388
7mar15_1mar15_PWD_m1_sp4_17_rev,98,5.7875,0.059293,0.36603,5,15,12,0.12344,0,60,0.61595,0,64,0.65445,0,89,0.91171,0,97,0.99431,0
7mar15_1mar15_PWD_m1_sp4_17_rev,82,6.1439,0.074643,0.36166,3,16,4,0.044792,5.8585,11,0.13383,1.1086,79,0.96373,11.7181
7mar15_1mar15_PWD_m1_sp4_17_rev,91,4.6063,0.050348,0.34342,3,17,19,0.20994,0,80,0.87868,0,87,0.95479,0
7mar15_1mar15_PWD_m1_sp4_17_rev,87,4.59,0.053061,0.33468,2,3,52,0.605,1.0089,61,0.69949,8.1142
7mar15_1mar15_PWD_m1_sp4_17_rev,85,6.1815,0.072783,0.37076,1,5,78,0.91402,0
7mar15_1mar15_PWD_m1_sp4_17_rev,103,10.303,0.099995,0.36691,4,6,14,0.13235,0,29,0.28585,2.7262,76,0.73281,8.3647,83,0.80245,0
7mar15_1mar15_PWD_m1_sp4_18_rev,92,3.2023,0.034798,0.33442,3,1,27,0.29848,2.8943,78,0.84946,7.7021,91,0.98402,3.877
7mar15_1mar15_PWD_m1_sp4_18_rev,109,5.5278,0.050856,0.27637,4,10,28,0.25786,0,48,0.44486,0,66,0.60884,0,85,0.78135,0
7mar15_1mar15_PWD_m1_sp4_18_rev,90,5.4824,0.06082,0.31343,1,11,75,0.83253,0
7mar15_1mar15_PWD_m1_sp4_18_rev,58,3.8016,0.065474,0.31674,3,12,4,0.065474,0,30,0.52234,0,37,0.63481,0
7mar15_1mar15_PWD_m1_sp4_18_rev,81,7.8998,0.096961,0.28724,2,13,14,0.17057,3.3318,65,0.7989,5.9978
7mar15_1mar15_PWD_m1_sp4_18_rev,69,6.5756,0.095674,0.28752,1,14,62,0.90063,0
7mar15_1mar15_PWD_m1_sp4_18_rev,82,5.6651,0.069068,0.36241,7,2,9,0.11405,0,23,0.27808,0,31,0.38241,0,52,0.6352,0,60,0.7287,0,68,0.82799,0,81,0.98233,0
7mar15_1mar15_PWD_m1_sp4_18_rev,96,7.2301,0.075493,0.3457,2,3,23,0.23837,4.7541,80,0.83055,9.1611
7mar15_1mar15_PWD_m1_sp4_18_rev,131,3.9306,0.030026,0.34305,6,4,4,0.033875,0,19,0.14271,0,79,0.60673,0,88,0.66863,0,94,0.71612,0,121,0.92543,0
7mar15_1mar15_PWD_m1_sp4_18_rev,93,2.5714,0.027546,0.32054,8,8,3,0.036689,1.6059,29,0.30578,0,39,0.41841,0,46,0.4898,0,58,0.61642,0,76,0.81597,0,81,0.8669,0,91,0.97858,2.6355
7mar15_1mar15_PWD_m1_sp4_18_rev,123,4.7868,0.038903,0.29079,1,9,117,0.95374,0
7mar15_1mar15_PWD_m1_sp4_19_rev,79,4.5708,0.057927,0.47165,5,1,3,0.044017,3.0231,15,0.19056,2.9785,33,0.41806,5.4242,54,0.69008,3.1059,76,0.96617,2.9286
7mar15_1mar15_PWD_m1_sp4_19_rev,106,35.9455,0.33959,0.50611,7,10,20,0.19289,0.84919,27,0.25762,3.4051,36,0.33723,5.2422,48,0.45337,1.0908,57,0.53565,0.16549,73,0.69227,4.583,84,0.79259,1.0787
7mar15_1mar15_PWD_m1_sp4_19_rev,138,3.1369,0.02271,0.49429,4,11,38,0.27591,5.6993,95,0.68659,2.913,106,0.77069,9.8858,133,0.96032,2.161
7mar15_1mar15_PWD_m1_sp4_19_rev,95,3.7508,0.039633,0.45761,1,12,87,0.91841,0
7mar15_1mar15_PWD_m1_sp4_19_rev,80,2.3601,0.029531,0.45566,1,13,60,0.74591,0
7mar15_1mar15_PWD_m1_sp4_19_rev,83,4.7209,0.057074,0.43831,6,14,5,0.057074,0,18,0.21732,0,43,0.51508,0,53,0.64192,0,70,0.84233,0,82,0.99256,0
7mar15_1mar15_PWD_m1_sp4_19_rev,117,3.0556,0.026024,0.4526,3,3,49,0.41673,4.0619,56,0.47668,2.1469,100,0.84752,8.1493
7mar15_1mar15_PWD_m1_sp4_19_rev,39,6.359,0.1649,0.46574,1,4,12,0.31561,0
7mar15_1mar15_PWD_m1_sp4_19_rev,179,5.9198,0.033113,0.46877,3,5,60,0.33584,9.477,85,0.47766,8.2708,171,0.9554,8.9937
7mar15_1mar15_PWD_m1_sp4_19_rev,110,5.9865,0.054451,0.42629,7,7,3,0.027909,0,9,0.082254,0,43,0.3913,0,57,0.51465,0,78,0.71053,0,87,0.79085,0,104,0.94397,0
7mar15_1mar15_PWD_m1_sp4_19_rev,62,3.6761,0.059595,0.51631,1,8,45,0.72559,0
7mar15_1mar15_PWD_m1_sp4_19_rev,102,4.6597,0.04574,0.4611,2,9,19,0.18373,5.792,98,0.95955,3.6075
7mar15_1mar15_PWD_m1_sp4_2_rev,47,4.8219,0.10186,0.36413,1,1,40,0.83546,4.0187
7mar15_1mar15_PWD_m1_sp4_2_rev,78,4.3466,0.055823,0.3458,3,10,9,0.1098,2.7478,60,0.76764,10.2493,77,0.98443,3.068
7mar15_1mar15_PWD_m1_sp4_2_rev,96,9.8815,0.10304,0.51674,10,11,4,0.039585,4.2288,11,0.11451,2.8258,23,0.23539,13.2387,36,0.37194,1.5768,53,0.54922,5.1014,58,0.60193,1.9426,70,0.73114,1.5754,74,0.77412,0.89829,79,0.8238,1.9542,96,0.99679,0.96454
7mar15_1mar15_PWD_m1_sp4_2_rev,92,2.8888,0.031495,0.33252,13,12,4,0.039207,1.4758,12,0.1268,2.262,20,0.2163,0.13881,29,0.31526,0.61159,36,0.39638,0.28648,41,0.44567,0,48,0.51843,0.77845,51,0.55068,0,58,0.63216,0.13746,68,0.73963,0.14342,72,0.78298,0,81,0.87945,0.59829,89,0.96923,2.1889
7mar15_1mar15_PWD_m1_sp4_2_rev,90,5.4741,0.060968,0.31728,4,13,4,0.040239,0,29,0.32321,0,66,0.73323,0,73,0.81155,0
7mar15_1mar15_PWD_m1_sp4_2_rev,93,5.123,0.05513,0.32991,4,15,2,0.019867,0,44,0.47215,5.3419,78,0.83493,0,93,1,0
7mar15_1mar15_PWD_m1_sp4_2_rev,67,9.7037,0.14568,0.35939,2,2,7,0.10948,0,23,0.35132,0
7mar15_1mar15_PWD_m1_sp4_2_rev,64,6.0805,0.094809,0.36681,2,3,30,0.46596,0,58,0.90723,0
7mar15_1mar15_PWD_m1_sp4_2_rev,80,3.6754,0.045791,0.39388,5,4,3,0.042693,3.8729,18,0.22625,4.8631,39,0.48655,0.39641,56,0.69456,0.84138,61,0.76111,6.8846
7mar15_1mar15_PWD_m1_sp4_2_rev,68,3.4335,0.050536,0.33653,6,5,3,0.045341,3.3076,7,0.1073,5.0833,43,0.6336,2.523,48,0.70302,4.2349,55,0.80563,2.8429,66,0.97324,0.54025
7mar15_1mar15_PWD_m1_sp4_2_rev,89,3.3752,0.037903,0.35641,2,6,16,0.17843,0,83,0.93541,0
7mar15_1mar15_PWD_m1_sp4_2_rev,121,2.1538,0.017736,0.32228,6,7,1,0.0050673,0,18,0.14825,0,34,0.2805,0,48,0.39171,0,106,0.87473,0,121,0.99747,0
7mar15_1mar15_PWD_m1_sp4_2_rev,61,2.2857,0.037241,0.3583,2,8,21,0.34227,0,54,0.8828,0
7mar15_1mar15_PWD_m1_sp4_2_rev,107,5.6523,0.052916,0.33012,4,9,5,0.04729,3.4682,24,0.22569,1.4615,33,0.30628,8.4699,105,0.98348,0.81856
7mar15_1mar15_PWD_m1_sp4_20_rev,70,5.9701,0.08567,0.75143,5,1,10,0.14321,0,25,0.35638,0,42,0.60442,0,48,0.69157,7.0058,69,0.98675,0
7mar15_1mar15_PWD_m1_sp4_20_rev,129,51.3415,0.39916,0.75155,6,10,4,0.034743,0,14,0.11137,0,53,0.40942,0,60,0.46372,0,110,0.85697,0,120,0.93284,0
7mar15_1mar15_PWD_m1_sp4_20_rev,104,4.3424,0.04186,0.7514,5,11,5,0.050038,2.9656,12,0.11514,3.8005,18,0.17052,2.2309,39,0.37954,11.2746,95,0.91771,9.5854
7mar15_1mar15_PWD_m1_sp4_20_rev,52,7.1733,0.13717,0.7932,5,12,2,0.033745,8.964,7,0.13717,2.1588,23,0.43742,1.2299,28,0.53994,12.0573,50,0.95501,1.558
7mar15_1mar15_PWD_m1_sp4_20_rev,82,3.3524,0.040807,0.77806,7,13,4,0.052433,4.0825,17,0.20115,6.9803,46,0.56227,7.8976,54,0.66226,9.7843,68,0.8262,4.6275,75,0.91237,3.2868,79,0.96605,4.2468
7mar15_1mar15_PWD_m1_sp4_20_rev,73,4.2863,0.058458,0.83346,3,14,6,0.082313,0,31,0.42867,0,39,0.53794,12.573
7mar15_1mar15_PWD_m1_sp4_20_rev,77,2.4412,0.031845,0.79183,4,15,4,0.054648,0,14,0.18444,0,68,0.89283,0,75,0.97856,0
7mar15_1mar15_PWD_m1_sp4_20_rev,75,17.1498,0.22784,0.86203,10,16,3,0.033213,10.1745,16,0.21035,20.2597,24,0.31996,8.4109,28,0.37137,9.3768,36,0.47894,7.8068,41,0.5417,3.9356,45,0.60278,5.06,54,0.72169,3.4081,59,0.78862,2.4197,72,0.95458,4.8899
7mar15_1mar15_PWD_m1_sp4_20_rev,68,4.1845,0.061979,0.81171,2,18,2,0.029137,1.1936,33,0.48381,10.9049
7mar15_1mar15_PWD_m1_sp4_20_rev,100,2.7692,0.027592,0.70535,4,2,4,0.040655,0,18,0.18253,0,38,0.37455,0,91,0.90823,0
7mar15_1mar15_PWD_m1_sp4_20_rev,66,2.3188,0.034943,0.7369,6,3,6,0.08878,2.1306,17,0.25445,0,26,0.38654,5.3865,44,0.66439,1.398,57,0.85178,1.7738,64,0.96942,0
7mar15_1mar15_PWD_m1_sp4_20_rev,84,3.1856,0.038047,0.7497,5,4,3,0.035066,0,16,0.18769,0,52,0.62303,0,67,0.79769,9.6569,75,0.90134,0
7mar15_1mar15_PWD_m1_sp4_20_rev,66,4.7385,0.071867,0.73131,8,5,3,0.04753,4.7023,9,0.13175,6.2863,26,0.38716,1.7393,34,0.51636,9.4686,42,0.64297,2.7506,48,0.73121,0.49903,58,0.88056,8.3003,65,0.98681,8.1191
7mar15_1mar15_PWD_m1_sp4_20_rev,46,5.462,0.11909,0.76436,3,6,5,0.11364,3.6384,22,0.47027,0.53013,44,0.9684,1.6544
7mar15_1mar15_PWD_m1_sp4_20_rev,76,8.2321,0.10893,0.73422,4,7,2,0.026849,1.0477,6,0.083792,2.1313,59,0.78177,6.6182,74,0.97699,0.47204
7mar15_1mar15_PWD_m1_sp4_20_rev,98,2.7692,0.02813,0.72596,5,8,1,0.0093766,2.6375,24,0.23916,11.9628,38,0.38307,2.4015,84,0.84847,11.0624,96,0.97559,4.8519
7mar15_1mar15_PWD_m1_sp4_20_rev,84,2,0.023683,0.73228,4,9,3,0.03045,6.0192,23,0.27061,5.1849,75,0.89373,12.6702,81,0.95729,7.1715
7mar15_1mar15_PWD_m1_sp4_21_rev,87,10.9706,0.12612,0.6779,5,10,10,0.11916,0,30,0.34182,0,35,0.39903,0,48,0.5483,0,81,0.93179,6.0199
7mar15_1mar15_PWD_m1_sp4_21_rev,91,5.1736,0.057082,0.73999,6,11,5,0.057082,1.5298,12,0.12738,0,35,0.39131,0,43,0.47866,0,84,0.9214,3.0941,88,0.97063,2.289
7mar15_1mar15_PWD_m1_sp4_21_rev,111,13.5237,0.1216,0.7543,9,2,1,0.0081745,1.3619,15,0.13116,1.4818,18,0.15872,1.9306,25,0.22783,7.6463,46,0.41599,6.5305,58,0.5191,6.2509,76,0.68042,3.9659,94,0.84868,8.457,108,0.97231,5.2701
7mar15_1mar15_PWD_m1_sp4_21_rev,113,4.8515,0.042852,0.67825,6,5,7,0.062958,4.0855,36,0.31764,9.1384,89,0.7835,8.9834,97,0.86106,2.1139,104,0.92039,2.2819,112,0.99185,3.6722
7mar15_1mar15_PWD_m1_sp4_21_rev,61,17.0364,0.27896,0.73684,6,7,9,0.13958,5.501,15,0.23805,9.7989,26,0.42191,10.9851,33,0.54413,0.39872,47,0.76912,0.97457,54,0.88897,0.83115
7mar15_1mar15_PWD_m1_sp4_21_rev,109,8.1763,0.074821,0.69672,9,9,9,0.080348,2.9279,12,0.11064,2.868,28,0.2557,9.2947,40,0.36457,2.7059,54,0.49534,3.1968,80,0.72881,9.3599,91,0.82898,3.7569,101,0.92625,3.744,106,0.96995,3.7793
7mar15_1mar15_PWD_m1_sp4_22_rev,77,6.1167,0.079148,0.39989,2,1,33,0.42663,6.1033,72,0.93005,3.3875
7mar15_1mar15_PWD_m1_sp4_22_rev,129,4.0634,0.03154,0.35627,1,10,124,0.96208,0
7mar15_1mar15_PWD_m1_sp4_22_rev,109,4.0855,0.037357,0.3302,2,11,6,0.055866,5.7314,101,0.92418,2.3547
7mar15_1mar15_PWD_m1_sp4_22_rev,104,3.67,0.035141,0.3463,2,12,21,0.19644,0,101,0.9645,0
7mar15_1mar15_PWD_m1_sp4_22_rev,82,5.1912,0.063461,0.36994,1,13,70,0.85263,0
7mar15_1mar15_PWD_m1_sp4_22_rev,54,4.6926,0.08719,0.33067,5,14,4,0.076003,0,12,0.21453,0,37,0.68635,0,45,0.8334,0.76798,53,0.98473,0
7mar15_1mar15_PWD_m1_sp4_22_rev,58,4.3907,0.07608,0.33097,1,15,35,0.6058,6.8044
7mar15_1mar15_PWD_m1_sp4_22_rev,94,6.6009,0.070482,0.33156,3,16,23,0.24042,2.2889,29,0.31456,2.0938,84,0.89278,0.1559
7mar15_1mar15_PWD_m1_sp4_22_rev,98,6.5656,0.067233,0.4062,2,2,25,0.25526,5.7072,92,0.94498,5.092
7mar15_1mar15_PWD_m1_sp4_22_rev,111,3.7036,0.033335,0.38312,3,3,47,0.42089,0,105,0.94367,0,108,0.97521,0
7mar15_1mar15_PWD_m1_sp4_22_rev,58,3.6758,0.063529,0.40268,1,4,34,0.58081,9.0753
7mar15_1mar15_PWD_m1_sp4_22_rev,77,2.5291,0.032657,0.37268,1,6,46,0.5937,0
7mar15_1mar15_PWD_m1_sp4_22_rev,81,3.662,0.045023,0.39022,2,7,41,0.50118,2.277,67,0.82524,4.9775
7mar15_1mar15_PWD_m1_sp4_22_rev,56,3.2508,0.058017,0.38682,2,8,38,0.67871,0,51,0.90203,0
7mar15_1mar15_PWD_m1_sp4_22_rev,103,3.7052,0.036014,0.34995,2,9,17,0.16232,0,65,0.63148,0
7mar15_1mar15_PWD_m1_sp4_23_rev,80,5.0129,0.062553,0.39627,2,1,27,0.33881,5.5432,75,0.93364,8.9627
7mar15_1mar15_PWD_m1_sp4_23_rev,87,4.4169,0.050521,0.35878,3,10,3,0.035034,0,63,0.72035,0,87,0.99285,0
7mar15_1mar15_PWD_m1_sp4_23_rev,49,11.6761,0.23871,0.45875,4,12,2,0.03392,0,8,0.16516,0,12,0.24368,0,19,0.37934,0
7mar15_1mar15_PWD_m1_sp4_23_rev,58,9.1913,0.15786,0.4205,4,13,2,0.038705,6.5433,5,0.092826,7.2113,12,0.20341,0.70015,35,0.59433,0.36392
7mar15_1mar15_PWD_m1_sp4_23_rev,104,4.5275,0.043688,0.3723,2,14,22,0.21484,7.3382,99,0.95161,2.096
7mar15_1mar15_PWD_m1_sp4_23_rev,117,3.9821,0.033979,0.35392,3,15,15,0.12966,0,41,0.35202,0,104,0.88633,0
7mar15_1mar15_PWD_m1_sp4_23_rev,95,5.9777,0.06268,0.40629,2,16,46,0.4803,0,95,1,0
7mar15_1mar15_PWD_m1_sp4_23_rev,105,3.8061,0.036387,0.32412,5,4,5,0.050336,5.3276,17,0.15812,3.8758,36,0.34397,2.7889,82,0.78189,4.6986,87,0.83366,1.1811
7mar15_1mar15_PWD_m1_sp4_23_rev,111,4.833,0.043683,0.36529,4,6,19,0.16884,9.8534,44,0.39753,13.7018,104,0.94086,3.0398,109,0.98921,3.4342
7mar15_1mar15_PWD_m1_sp4_23_rev,82,3.7107,0.045336,0.38893,3,7,10,0.11826,0,15,0.18694,0,74,0.89963,0
7mar15_1mar15_PWD_m1_sp4_23_rev,201,6.7805,0.033755,0.37704,13,8,2,0.011544,8.5791,8,0.038671,5.8519,12,0.059913,5.7213,26,0.1272,7.0809,36,0.18136,5.2933,58,0.28644,0.87135,80,0.39915,5.286,90,0.44665,8.5834,95,0.47275,9.8098,100,0.49678,2.3879,116,0.57978,2.6743,175,0.86894,7.0428,197,0.98308,3.4123
7mar15_1mar15_PWD_m1_sp4_23_rev,99,4.7457,0.048091,0.33098,4,9,22,0.22115,1.8172,32,0.32023,0,69,0.70317,0,95,0.96137,0
7mar15_1mar15_PWD_m1_sp4_24.1_rev,100,5.6448,0.056524,0.63956,4,1,4,0.044412,0,50,0.49696,0,88,0.87861,0,98,0.97739,5.1531
7mar15_1mar15_PWD_m1_sp4_24.1_rev,57,3.4772,0.061133,0.70526,2,3,23,0.40438,0,48,0.84665,0
7mar15_1mar15_PWD_m1_sp4_24.1_rev,97,3.6066,0.037002,0.59352,7,4,6,0.065799,4.8935,12,0.12176,2.1064,25,0.25702,0.83386,34,0.35021,1.4847,62,0.63209,0.85823,67,0.68555,2.2339,96,0.98318,2.9803
7mar15_1mar15_PWD_m1_sp4_24.2_rev,105,5.8898,0.056345,0.35841,5,11,2,0.023549,4.5869,13,0.12569,1.1094,29,0.2751,2.22,68,0.64849,0.68103,103,0.98234,4.8861
7mar15_1mar15_PWD_m1_sp4_24.2_rev,80,6.514,0.081242,0.32434,6,3,6,0.070521,0,36,0.45104,0,43,0.54236,0,52,0.65208,0,71,0.89167,1.803,78,0.97354,1.9056
7mar15_1mar15_PWD_m1_sp4_24.2_rev,75,3.9317,0.052322,0.30996,7,4,3,0.037959,1.2484,17,0.227,1.4648,28,0.37015,0,32,0.42631,0,51,0.67724,0,56,0.75168,0,73,0.97686,0
7mar15_1mar15_PWD_m1_sp4_24_rev,101,6.3544,0.063221,0.61399,4,1,5,0.050157,0,50,0.50189,0,88,0.87903,0,99,0.98074,4.2287
7mar15_1mar15_PWD_m1_sp4_24_rev,102,37.0021,0.36184,0.58519,10,13,3,0.033036,2.1336,10,0.093406,0.42661,29,0.2791,0,33,0.3202,0,39,0.38606,1.5561,49,0.47512,0,55,0.54164,0,66,0.64547,0.5065,74,0.71907,1.1651,99,0.96994,0.32921
7mar15_1mar15_PWD_m1_sp4_24_rev,104,5.5359,0.053012,0.58587,5,16,2,0.020625,3.8858,13,0.12581,0.78049,29,0.27301,1.8807,67,0.64002,0.59273,102,0.97937,4.1419
7mar15_1mar15_PWD_m1_sp4_24_rev,97,3.8559,0.039922,0.56077,7,4,7,0.072633,4.966,12,0.12175,2.1042,25,0.25929,0.82116,33,0.34553,1.6714,62,0.64142,1.0192,67,0.68912,2.2151,95,0.98642,2.9788
7mar15_1mar15_PWD_m1_sp4_24_rev,80,6.5142,0.081248,0.52831,6,8,6,0.070526,0,36,0.45107,0,43,0.54239,0,52,0.65212,0,71,0.89165,1.521,78,0.97354,1.6144
7mar15_1mar15_PWD_m1_sp4_24_rev,75,3.6419,0.04857,0.50528,8,9,3,0.037423,0.85837,14,0.18164,0,17,0.22362,1.5652,28,0.36708,0,32,0.42617,0,52,0.68801,0,57,0.75492,0,74,0.98067,0
7mar15_1mar15_PWD_m1_sp4_25.1_rev,79,8.5493,0.1082,0.34518,3,10,2,0.019775,0,29,0.36858,0,75,0.94655,0
7mar15_1mar15_PWD_m1_sp4_25.1_rev,74,3.0769,0.041413,0.32559,4,11,4,0.058613,4.5616,29,0.39579,6.6137,37,0.49793,0.42206,69,0.92891,9.6993
7mar15_1mar15_PWD_m1_sp4_25.1_rev,54,6.941,0.12867,0.30504,5,12,4,0.078763,3.8467,13,0.23268,3.7995,27,0.49977,0.76714,40,0.74696,3.3424,47,0.86753,4.0908
7mar15_1mar15_PWD_m1_sp4_25.1_rev,91,3.0503,0.033673,0.37453,6,5,14,0.15774,0,24,0.26698,0,35,0.38526,0,55,0.60434,0,80,0.88062,0.74968,87,0.96299,0
7mar15_1mar15_PWD_m1_sp4_25.1_rev,25,4.2898,0.16928,0.39506,3,6,2,0.070675,6.2855,10,0.39942,2.0649,16,0.64914,3.9022
7mar15_1mar15_PWD_m1_sp4_25.2_rev,62,2.2222,0.035901,0.29167,3,10,4,0.058928,0,48,0.77257,0,56,0.90968,0.79787
7mar15_1mar15_PWD_m1_sp4_25.2_rev,79,4.9125,0.062513,0.27809,2,11,3,0.040789,4.0571,26,0.33109,2.5348
7mar15_1mar15_PWD_m1_sp4_25.2_rev,107,3.3488,0.031342,0.27696,3,12,2,0.017548,0,11,0.10704,0,55,0.51791,0
7mar15_1mar15_PWD_m1_sp4_25.2_rev,92,4.2191,0.045876,0.28264,2,3,24,0.26206,7.22,81,0.88561,5.385
7mar15_1mar15_PWD_m1_sp4_25.2_rev,85,5.6882,0.067259,0.3156,1,5,80,0.94315,9.0467
7mar15_1mar15_PWD_m1_sp4_25.2_rev,47,5.7416,0.12118,0.26302,6,6,2,0.0469,1.6211,8,0.17554,0,30,0.63522,0,35,0.73429,0,41,0.86823,3.8931,46,0.96482,3.3479
7mar15_1mar15_PWD_m1_sp4_25.2_rev,74,5.3808,0.072521,0.28454,1,7,14,0.18809,8.9004
7mar15_1mar15_PWD_m1_sp4_25.2_rev,128,4.5243,0.035391,0.29604,2,8,11,0.08245,0,100,0.77996,0
7mar15_1mar15_PWD_m1_sp4_25_rev,74,3.0769,0.041383,0.3797,4,10,4,0.04966,6.669,29,0.38367,8.1002,36,0.48985,1.7416,69,0.93401,10.1989
7mar15_1mar15_PWD_m1_sp4_25_rev,91,4.0143,0.043883,0.35254,2,15,23,0.25163,8.1602,81,0.8877,7.0584
7mar15_1mar15_PWD_m1_sp4_25_rev,84,5.6599,0.067232,0.3918,2,17,30,0.36137,1.1576,80,0.94537,9.6719
7mar15_1mar15_PWD_m1_sp4_25_rev,47,5.459,0.11504,0.32877,6,18,2,0.040977,1.7856,8,0.16712,0.33806,30,0.64102,0,35,0.72946,0,41,0.86312,5.6756,46,0.95902,4.9604
7mar15_1mar15_PWD_m1_sp4_25_rev,74,5.1275,0.069076,0.35519,4,19,3,0.041296,5.1867,14,0.18939,10.2057,26,0.35421,2.3012,68,0.91615,3.6522
7mar15_1mar15_PWD_m1_sp4_25_rev,128,4.5241,0.035263,0.36864,2,20,11,0.08489,0,100,0.78265,0
7mar15_1mar15_PWD_m1_sp4_25_rev,62,2.5397,0.040845,0.36976,3,22,4,0.064386,1.8215,47,0.75954,0,57,0.92053,2.1556
7mar15_1mar15_PWD_m1_sp4_25_rev,106,2.6851,0.025218,0.34475,3,24,2,0.01761,0,11,0.10585,0,55,0.51292,0
7mar15_1mar15_PWD_m1_sp4_25_rev,89,3.397,0.03803,0.44503,8,4,2,0.020355,2.2189,7,0.082491,1.6037,16,0.18362,0,25,0.27972,0,36,0.39964,0,55,0.61723,0,79,0.88796,1.1703,86,0.96305,0
7mar15_1mar15_PWD_m1_sp4_25_rev,26,4.0393,0.15808,0.46061,3,5,1,0.04673,8.8028,10,0.37247,2.9972,16,0.63398,5.3287
7mar15_1mar15_PWD_m1_sp4_25_rev,82,3.4818,0.042246,0.40175,7,6,4,0.051355,8.4564,11,0.13309,1.8559,22,0.26297,0,28,0.33843,2.8853,57,0.69002,0,68,0.83073,0,80,0.96533,6.0646
7mar15_1mar15_PWD_m1_sp4_25_rev,79,8.291,0.10529,0.40942,4,9,2,0.020157,0,10,0.13257,0,28,0.35967,0,74,0.94488,0
7mar15_1mar15_PWD_m1_sp4_3_rev,78,3.1058,0.039925,0.32941,6,10,2,0.030247,0,12,0.15907,1.1177,18,0.23457,0,34,0.43422,0,65,0.84134,0,75,0.95841,3.3804
7mar15_1mar15_PWD_m1_sp4_3_rev,78,4.9769,0.064058,0.3469,3,11,9,0.11147,2.6885,58,0.74787,8.1811,77,0.99183,3.1478
7mar15_1mar15_PWD_m1_sp4_3_rev,102,4.7387,0.046671,0.33912,1,13,47,0.4581,0
7mar15_1mar15_PWD_m1_sp4_3_rev,92,2.1538,0.023506,0.33427,9,14,3,0.034287,0,11,0.11808,1.2118,16,0.17322,0.24042,21,0.23266,2.449,44,0.48331,2.1695,57,0.61795,0,70,0.76427,0,81,0.88733,0.59002,88,0.96223,1.6195
7mar15_1mar15_PWD_m1_sp4_3_rev,47,5.7149,0.12082,0.34928,5,15,5,0.10814,5.0377,24,0.50872,2.192,28,0.58821,1.4096,41,0.86494,6.3969,45,0.96156,4.5296
7mar15_1mar15_PWD_m1_sp4_3_rev,62,13.8506,0.22316,0.33888,7,16,4,0.070405,1.1924,15,0.23836,3.1038,20,0.32839,0,25,0.4008,0,30,0.4838,0,51,0.82781,0,55,0.88878,0
7mar15_1mar15_PWD_m1_sp4_3_rev,98,2.4242,0.024631,0.32874,16,17,2,0.021552,3.4781,6,0.059291,3.0007,19,0.19639,1.4177,24,0.24379,1.4181,30,0.30388,1.8028,36,0.36701,2.0201,41,0.41478,1.6362,45,0.46181,0.74519,54,0.54371,0.54657,58,0.58885,1.102,64,0.64546,2.1007,72,0.7346,1.575,78,0.78861,1.15,82,0.82968,0.63868,87,0.88801,2.4645,96,0.97283,2.5562
7mar15_1mar15_PWD_m1_sp4_3_rev,76,4.7309,0.062355,0.34354,1,19,43,0.56557,6.7391
7mar15_1mar15_PWD_m1_sp4_3_rev,52,3.5626,0.068369,0.3654,3,2,5,0.093377,0,33,0.63405,0,40,0.77584,0
7mar15_1mar15_PWD_m1_sp4_3_rev,68,2.9622,0.043556,0.37964,1,20,63,0.92449,0
7mar15_1mar15_PWD_m1_sp4_3_rev,42,2.2951,0.054085,0.3218,1,21,22,0.51291,3.6328
7mar15_1mar15_PWD_m1_sp4_3_rev,47,4.3352,0.092477,0.36772,1,22,22,0.47422,8.1031
7mar15_1mar15_PWD_m1_sp4_3_rev,59,5.337,0.08983,0.38492,1,3,49,0.83218,5.6999
7mar15_1mar15_PWD_m1_sp4_3_rev,65,2.8571,0.044016,0.38134,1,5,54,0.82796,5.4649
7mar15_1mar15_PWD_m1_sp4_3_rev,75,4.4196,0.059196,0.33464,4,6,4,0.049158,2.9948,9,0.11497,1.7225,47,0.63379,4.7418,58,0.77315,0.65551
7mar15_1mar15_PWD_m1_sp4_3_rev,92,3.7777,0.04124,0.33851,12,8,1,0.013863,3.2675,9,0.10218,3.0773,18,0.19106,0.85657,33,0.36206,2.4298,40,0.44187,1.3002,44,0.48091,1.2393,53,0.57836,2.7011,58,0.62882,0.82773,64,0.69326,0.61033,73,0.79323,1.5572,81,0.88576,1.4508,88,0.9613,2.0753
7mar15_1mar15_PWD_m1_sp4_4_rev,68,3.0769,0.045173,0.70897,2,1,6,0.092808,4.565,25,0.37212,11.0552
7mar15_1mar15_PWD_m1_sp4_4_rev,80,5.0718,0.063768,0.61793,7,10,3,0.039057,0.95316,19,0.24469,0,40,0.49693,0,53,0.66778,0,60,0.75607,0,71,0.8868,1.9938,76,0.95577,5.5006
7mar15_1mar15_PWD_m1_sp4_4_rev,52,1.791,0.034704,0.68446,2,11,10,0.18668,1.8508,42,0.80423,0
7mar15_1mar15_PWD_m1_sp4_4_rev,89,3.6424,0.041048,0.67557,2,12,21,0.24213,0,34,0.38708,0
7mar15_1mar15_PWD_m1_sp4_4_rev,92,6.0076,0.064964,0.58214,13,13,3,0.033931,0.38477,11,0.11987,0.52493,18,0.19431,0,27,0.28818,0,35,0.37476,0.17872,43,0.46066,1.1633,47,0.50876,0,54,0.57953,1.1656,63,0.68366,1.3154,71,0.77082,0,79,0.85524,0,84,0.90446,1.5379,91,0.98172,2.3766
7mar15_1mar15_PWD_m1_sp4_4_rev,111,30.6291,0.27649,0.61122,5,14,22,0.19418,9.2656,37,0.3361,10.8623,50,0.44845,3.7359,97,0.87564,5.9981,108,0.97844,0.97104
7mar15_1mar15_PWD_m1_sp4_4_rev,84,3.4678,0.041231,0.62596,3,15,1,0.010809,0,28,0.3356,0,76,0.89899,0
7mar15_1mar15_PWD_m1_sp4_4_rev,92,2.5108,0.027212,0.7094,12,16,1,0.0068814,0,11,0.11859,0,16,0.16945,1.5637,20,0.22203,0.70482,27,0.29112,1.3173,36,0.39556,0,48,0.52265,1.2118,55,0.59903,0.99358,60,0.64598,6.2847,66,0.71838,1.4684,74,0.79774,3.8193,88,0.95857,0
7mar15_1mar15_PWD_m1_sp4_4_rev,54,3.607,0.066425,0.5626,6,17,5,0.084013,2.1086,22,0.41158,0.55949,34,0.62334,0,39,0.72114,0,45,0.82356,0,52,0.95039,2.4404
7mar15_1mar15_PWD_m1_sp4_4_rev,74,3.3333,0.044765,0.72308,4,2,5,0.070053,5.1092,13,0.17108,8.2911,31,0.41422,1.5107,54,0.72486,7.5147
7mar15_1mar15_PWD_m1_sp4_4_rev,86,4.8275,0.056174,0.68508,5,3,7,0.083625,5.2731,18,0.21265,4.0224,23,0.2723,2.6699,56,0.6491,2.6452,61,0.71296,6.348
7mar15_1mar15_PWD_m1_sp4_4_rev,112,1.8462,0.016434,0.68862,4,4,8,0.075532,0,19,0.17157,0,73,0.6528,0,80,0.70827,0
7mar15_1mar15_PWD_m1_sp4_4_rev,71,3.6824,0.051828,0.69461,7,5,4,0.058914,2.8373,18,0.25133,3.5537,30,0.42023,0.82834,54,0.75649,4.9218,59,0.83722,1.0616,65,0.90786,1.4354,70,0.98794,4.2674
7mar15_1mar15_PWD_m1_sp4_4_rev,108,1.4257,0.013176,0.68079,5,6,54,0.49772,0,78,0.72263,0,94,0.87093,0,99,0.91062,0,106,0.97554,0
7mar15_1mar15_PWD_m1_sp4_4_rev,94,3.9322,0.041617,0.65213,9,7,5,0.052818,4.4355,23,0.24582,3.5274,41,0.43208,1.3613,48,0.51179,1.8038,54,0.56868,1.0488,65,0.68326,2.6063,69,0.73058,1.655,74,0.78727,0.53128,82,0.87084,3.5073
7mar15_1mar15_PWD_m1_sp4_4_rev,68,4.7781,0.070117,0.66085,2,8,35,0.51845,8.7908,68,0.99568,1.7747
7mar15_1mar15_PWD_m1_sp4_4_rev,68,5.5943,0.081758,0.68414,1,9,49,0.71274,0
7mar15_1mar15_PWD_m1_sp4_5_rev,84,4.2117,0.049894,0.78982,4,1,3,0.039773,0,14,0.17036,0,26,0.30987,0,64,0.76007,0
7mar15_1mar15_PWD_m1_sp4_5_rev,61,2.3881,0.039097,0.78608,4,2,3,0.043984,3.1816,8,0.13474,4.9912,47,0.76436,12.5667,57,0.93851,3.9757
7mar15_1mar15_PWD_m1_sp4_5_rev,77,3.9978,0.051646,0.74273,3,3,38,0.49616,0,55,0.70961,0,64,0.82741,0
7mar15_1mar15_PWD_m1_sp4_5_rev,98,3.8921,0.039853,0.69431,7,6,5,0.051177,0,22,0.22874,0,29,0.29395,0,44,0.44766,15.6101,49,0.5035,6.0833,56,0.56981,0,86,0.88007,0
7mar15_1mar15_PWD_m1_sp4_5_rev,86,3.6769,0.042839,0.75066,5,7,3,0.02959,7.2129,16,0.18373,7.9442,22,0.25485,11.4361,51,0.58913,5.3363,79,0.9169,0.55339
7mar15_1mar15_PWD_m1_sp4_5_rev,80,1.2903,0.016122,0.67969,3,8,4,0.051677,0,32,0.39448,0,66,0.8247,0
7mar15_1mar15_PWD_m1_sp4_5_rev,201,3.8963,0.019416,0.68648,11,9,24,0.12192,0.54765,32,0.1607,0,44,0.22144,0,60,0.30039,0,99,0.49093,12.7719,102,0.51024,0,106,0.52736,0,129,0.64225,0,160,0.79719,7.0275,174,0.86954,0.52612,199,0.98959,0
7mar15_1mar15_PWD_m1_sp4_6.1_rev,80,5.1379,0.063911,0.79273,10,1,4,0.045156,1.7347,13,0.15647,7.3966,20,0.25374,7.6827,36,0.4429,3.185,46,0.57432,6.5149,52,0.64358,2.0091,62,0.76795,5.9276,68,0.84818,5.2274,73,0.91394,7.0754,80,0.99623,4.5876
7mar15_1mar15_PWD_m1_sp4_6.1_rev,64,4.9881,0.077468,0.7742,5,11,1,0.02157,0,11,0.16747,0,21,0.32204,0,48,0.75153,0,59,0.91905,0
7mar15_1mar15_PWD_m1_sp4_6.1_rev,105,5.6448,0.053582,0.65257,6,12,13,0.12711,9.7564,31,0.29751,4.7667,52,0.4982,5.1865,74,0.70017,6.257,92,0.87566,9.9619,105,0.99433,1.7505
7mar15_1mar15_PWD_m1_sp4_6.1_rev,91,3.7915,0.041515,0.69225,7,3,2,0.019611,0,8,0.088468,7.0092,17,0.18164,0,36,0.39672,0,60,0.65528,0,65,0.71314,0,86,0.94695,0
7mar15_1mar15_PWD_m1_sp4_6.1_rev,88,3.5736,0.040753,0.67845,7,4,1,0.0097748,6.4061,4,0.044789,4.6376,33,0.38187,3.561,50,0.56909,1.4884,59,0.66859,5.0965,70,0.80361,2.6028,77,0.88168,10.352
7mar15_1mar15_PWD_m1_sp4_6.1_rev,66,3.7273,0.056769,0.71075,4,5,4,0.062142,1.7374,20,0.29865,0,51,0.77638,0,65,0.98572,0
7mar15_1mar15_PWD_m1_sp4_6.1_rev,67,3.9543,0.058926,0.7505,5,7,3,0.049947,0,16,0.23873,0,38,0.56633,0,54,0.80565,8.9247,61,0.90471,0
7mar15_1mar15_PWD_m1_sp4_6.1_rev,109,10.2044,0.093239,0.70925,9,8,2,0.022151,1.5249,8,0.068905,1.5159,19,0.17285,0,29,0.26842,2.3864,37,0.34136,0,46,0.42374,0,60,0.54806,5.3386,79,0.71898,0.95515,106,0.9677,2.1254
7mar15_1mar15_PWD_m1_sp4_6.1_rev,123,5.1069,0.041474,0.70326,8,9,5,0.038598,4.5218,45,0.36471,0,51,0.41041,3.9069,63,0.50853,0,71,0.57448,2.0333,93,0.75633,0,112,0.90566,0,118,0.95492,3.9018
7mar15_1mar15_PWD_m1_sp4_6.2_rev,100,2.4242,0.02433,0.54121,8,1,2,0.021289,8.8991,12,0.11933,3.6536,23,0.23079,4.9259,31,0.31358,10.0409,47,0.47337,1.3273,55,0.55456,5.5067,92,0.91886,10.4275,96,0.96762,7.2255
7mar15_1mar15_PWD_m1_sp4_6.2_rev,121,2.2857,0.01882,0.56553,1,11,5,0.043669,0
7mar15_1mar15_PWD_m1_sp4_6.2_rev,122,14.0713,0.11558,0.59722,6,2,12,0.096487,4.211,24,0.19612,0,41,0.33538,0,70,0.57841,0,81,0.66376,0,110,0.90127,14.8713
7mar15_1mar15_PWD_m1_sp4_6.2_rev,97,5.2308,0.053653,0.60041,6,3,3,0.028405,0,8,0.08209,0,33,0.33619,0,43,0.44236,0,62,0.6401,0,92,0.9394,0.39017
7mar15_1mar15_PWD_m1_sp4_6.2_rev,72,4.5168,0.063063,0.64752,4,4,4,0.056065,0,11,0.14989,0,16,0.22517,0,24,0.33617,0
7mar15_1mar15_PWD_m1_sp4_6.2_rev,91,4.2222,0.046247,0.52154,6,6,4,0.039701,0,11,0.12004,0,16,0.17955,0,45,0.49113,0,69,0.75849,0,90,0.99004,0
7mar15_1mar15_PWD_m1_sp4_6_rev,100,2.4242,0.02433,0.54121,8,1,3,0.027372,10.6933,12,0.11933,5.674,23,0.22727,6.2616,31,0.31358,10.0352,47,0.47337,2.4743,55,0.55456,6.6318,92,0.92489,10.422,96,0.96762,9.0565
7mar15_1mar15_PWD_m1_sp4_6_rev,121,2,0.016468,0.56553,1,11,5,0.043669,0
7mar15_1mar15_PWD_m1_sp4_6_rev,122,14.0713,0.11558,0.59722,9,2,12,0.096487,4.4194,24,0.19815,0,41,0.33538,0,52,0.42696,0,70,0.57841,0,81,0.66376,0,92,0.75731,0,99,0.81576,0,110,0.90127,17.6559
7mar15_1mar15_PWD_m1_sp4_6_rev,97,4.9231,0.050497,0.60041,9,3,3,0.031561,2.5891,8,0.08209,2.6746,33,0.33619,0,43,0.44488,0.93357,54,0.55012,1.4025,62,0.63651,0,71,0.73304,0,76,0.78284,0,93,0.95032,0
7mar15_1mar15_PWD_m1_sp4_6_rev,72,4.5168,0.063063,0.64752,6,4,4,0.049064,0,11,0.14989,0,17,0.23708,0,24,0.33125,0,59,0.82286,5.2134,70,0.97852,0.50381
7mar15_1mar15_PWD_m1_sp4_6_rev,91,4.2222,0.046247,0.52154,8,6,3,0.036983,0,11,0.12004,0,17,0.19049,0,25,0.27078,0,33,0.36425,0,45,0.49113,0.46059,69,0.75849,0,90,0.99004,0
7mar15_1mar15_PWD_m1_sp4_7_rev,29,8.7593,0.29878,0.55159,2,1,2,0.083962,2.2404,25,0.8649,0.74157
7mar15_1mar15_PWD_m1_sp4_7_rev,92,5.0895,0.055605,0.41322,5,10,2,0.018518,0,17,0.18223,0,48,0.529,0,80,0.8761,0,91,0.9963,1.625
7mar15_1mar15_PWD_m1_sp4_7_rev,125,5.0659,0.040446,0.41654,2,12,13,0.1066,0,101,0.80405,0
7mar15_1mar15_PWD_m1_sp4_7_rev,50,2.9342,0.059163,0.4537,2,13,26,0.52297,0,39,0.79606,0
7mar15_1mar15_PWD_m1_sp4_7_rev,94,3.2836,0.035011,0.4645,3,14,8,0.08253,2.4186,39,0.41415,4.9614,81,0.86893,3.7758
7mar15_1mar15_PWD_m1_sp4_7_rev,84,4.3058,0.050996,0.41375,2,15,20,0.24028,0,78,0.92476,0
7mar15_1mar15_PWD_m1_sp4_7_rev,61,7.5591,0.12332,0.40997,1,16,34,0.55369,0
7mar15_1mar15_PWD_m1_sp4_7_rev,134,2.9314,0.021806,0.43447,12,17,3,0.02367,0.65251,32,0.23826,0.554,44,0.32362,0.73735,54,0.39884,0,64,0.47896,0,73,0.54561,1.509,82,0.61335,0.72763,86,0.64252,0.37166,92,0.6846,3.1118,101,0.7496,0,108,0.8059,0,132,0.97904,1.8979
7mar15_1mar15_PWD_m1_sp4_7_rev,53,2.6471,0.050269,0.37358,4,19,5,0.096627,1.4858,15,0.27738,0.19431,38,0.71602,3.038,44,0.84381,1.0211
7mar15_1mar15_PWD_m1_sp4_7_rev,167,6.2544,0.037435,0.40919,9,23,2,0.012696,0,8,0.045287,0,31,0.18376,0,72,0.4313,0,104,0.62324,0,116,0.69434,0,136,0.81582,0,154,0.92434,0,164,0.98218,0
7mar15_1mar15_PWD_m1_sp4_7_rev,65,3.6755,0.05688,0.40854,1,24,58,0.90292,3.9084
7mar15_1mar15_PWD_m1_sp4_7_rev,113,4.3707,0.038789,0.42731,2,25,81,0.71472,0,87,0.76948,0
7mar15_1mar15_PWD_m1_sp4_7_rev,125,4.5308,0.036377,0.40941,2,26,3,0.02673,0,15,0.12107,0
7mar15_1mar15_PWD_m1_sp4_7_rev,87,4.8155,0.055183,0.42887,1,28,15,0.16916,0
7mar15_1mar15_PWD_m1_sp4_7_rev,206,4.1791,0.020289,0.4525,8,3,6,0.026847,7.178,13,0.062364,2.6437,42,0.2038,0.46222,69,0.33468,2.2943,105,0.5106,1.6978,154,0.74811,1.9844,191,0.92787,1.8655,199,0.96815,1.8802
7mar15_1mar15_PWD_m1_sp4_8.1_rev,41,6.9675,0.17179,0.49164,3,1,6,0.14565,3.1374,22,0.53417,0.26394,33,0.82047,3.0576
7mar15_1mar15_PWD_m1_sp4_8.1_rev,83,6.1789,0.07419,0.39658,1,10,21,0.25517,6.7096
7mar15_1mar15_PWD_m1_sp4_8.1_rev,77,7.4194,0.096545,0.41062,1,11,52,0.67594,3.1241
7mar15_1mar15_PWD_m1_sp4_8.1_rev,89,3.0389,0.034191,0.36033,1,16,61,0.68525,6.3087
7mar15_1mar15_PWD_m1_sp4_8.1_rev,99,6.3279,0.06416,0.41928,2,2,46,0.46661,6.1071,85,0.85677,5.9269
7mar15_1mar15_PWD_m1_sp4_8.1_rev,113,6.2708,0.055645,0.41681,2,3,23,0.20037,0,107,0.95097,0
7mar15_1mar15_PWD_m1_sp4_8.1_rev,131,4.8567,0.037198,0.49877,12,5,8,0.061957,0,18,0.13503,1.558,28,0.21383,0,41,0.3148,0.525,72,0.55462,0,80,0.6135,0,85,0.65084,0,93,0.71473,1.4491,105,0.80696,1.0431,116,0.88996,1.6749,121,0.92788,1.504,127,0.97352,1.3004
7mar15_1mar15_PWD_m1_sp4_8.1_rev,175,5.2652,0.030116,0.44147,5,6,6,0.03153,0.92791,61,0.34649,1.7395,71,0.40804,3.465,120,0.68601,7.5948,138,0.78878,2.6704
7mar15_1mar15_PWD_m1_sp4_8.1_rev,39,8.3792,0.21353,0.41291,5,7,4,0.092678,0.99475,13,0.32447,1.0657,23,0.57411,3.0961,34,0.86222,0.30155,39,0.98382,0.81511
7mar15_1mar15_PWD_m1_sp4_8.1_rev,78,5.1754,0.066105,0.41611,2,8,10,0.12411,0,66,0.84909,0
7mar15_1mar15_PWD_m1_sp4_8.1_rev,72,1.5385,0.021463,0.36545,10,9,1,0.012878,5.7719,9,0.12449,1.4556,14,0.19886,1.2699,21,0.29002,0.99671,26,0.35584,0.50763,33,0.45529,2.0616,38,0.53355,0.3818,44,0.61701,1.1808,49,0.68524,1.232,60,0.83929,2.2459
7mar15_1mar15_PWD_m1_sp4_8.2_rev,77,5.2369,0.067911,0.3659,1,1,29,0.38082,0
7mar15_1mar15_PWD_m1_sp4_8.2_rev,27,3.8689,0.14298,0.34524,4,10,3,0.11537,1.0439,8,0.28196,0.76112,19,0.72047,2.1911,24,0.88862,1.4863
7mar15_1mar15_PWD_m1_sp4_8.2_rev,36,14.3312,0.40147,0.28701,2,11,12,0.32403,6.1361,19,0.54403,3.954
7mar15_1mar15_PWD_m1_sp4_8.2_rev,78,6.3507,0.081176,0.30532,3,12,20,0.25029,2.359,51,0.65171,7.5105,67,0.85908,3.7553
7mar15_1mar15_PWD_m1_sp4_8.2_rev,35,7.6929,0.21936,0.30896,1,13,32,0.91371,0
7mar15_1mar15_PWD_m1_sp4_8.2_rev,55,4.2432,0.077457,0.28875,1,15,20,0.36626,0
7mar15_1mar15_PWD_m1_sp4_8.2_rev,49,12.1448,0.24992,0.27379,1,16,24,0.48998,0
7mar15_1mar15_PWD_m1_sp4_8.2_rev,57,14.6233,0.25558,0.31879,2,17,1,0.010592,0,44,0.77045,0
7mar15_1mar15_PWD_m1_sp4_8.2_rev,35,2.029,0.058595,0.31068,1,18,22,0.64096,0
7mar15_1mar15_PWD_m1_sp4_8.2_rev,43,5.112,0.11804,0.3044,1,20,37,0.84791,0
7mar15_1mar15_PWD_m1_sp4_8.2_rev,42,7.8517,0.18779,0.27356,3,23,12,0.28679,2.2664,24,0.57921,0.9034,36,0.87093,3.4038
7mar15_1mar15_PWD_m1_sp4_8.2_rev,48,2.7692,0.057243,0.27116,1,26,24,0.49699,5.976
7mar15_1mar15_PWD_m1_sp4_8.2_rev,66,3.2513,0.049174,0.29886,1,27,59,0.89356,0
7mar15_1mar15_PWD_m1_sp4_8.2_rev,59,3.8803,0.06613,0.32552,7,5,2,0.034579,2.5655,14,0.23167,1.0719,19,0.32801,1.2655,25,0.4344,0.77531,40,0.68109,1.9848,45,0.76524,2.2148,54,0.91502,1.063
7mar15_1mar15_PWD_m1_sp4_8.2_rev,103,17.9378,0.175,0.34055,2,6,32,0.31157,0,80,0.78506,0
7mar15_1mar15_PWD_m1_sp4_8.2_rev,58,8.6509,0.14803,0.33134,2,7,8,0.13777,4.6755,51,0.86729,6.6775
7mar15_1mar15_PWD_m1_sp4_8.2_rev,44,3.8868,0.087715,0.35814,1,9,19,0.43892,6.6882
7mar15_1mar15_PWD_m1_sp4_8.3_rev,56,5.0866,0.091281,0.26438,1,1,20,0.36086,6.7076
7mar15_1mar15_PWD_m1_sp4_8.3_rev,101,4.972,0.049106,0.27185,1,10,66,0.64763,5.9438
7mar15_1mar15_PWD_m1_sp4_8.3_rev,100,5.694,0.056665,0.26384,6,11,2,0.024125,0.93929,10,0.10236,2.4569,24,0.24214,1.163,36,0.35684,2.4652,54,0.54155,1.4228,93,0.92775,2.9316
7mar15_1mar15_PWD_m1_sp4_8.3_rev,29,5.9542,0.20592,0.28314,1,12,10,0.34252,0
7mar15_1mar15_PWD_m1_sp4_8.3_rev,47,20.8966,0.44066,0.23353,2,14,4,0.075621,0.64927,45,0.93932,0.56717
7mar15_1mar15_PWD_m1_sp4_8.3_rev,48,2.7692,0.057125,0.26006,1,15,23,0.47808,5.6787
7mar15_1mar15_PWD_m1_sp4_8.3_rev,66,2.9727,0.045052,0.29206,1,16,59,0.8895,0
7mar15_1mar15_PWD_m1_sp4_8.3_rev,75,2.4036,0.032047,0.25253,1,18,41,0.55244,0
7mar15_1mar15_PWD_m1_sp4_8.3_rev,57,3.3278,0.058844,0.28077,1,19,43,0.76667,4.7073
7mar15_1mar15_PWD_m1_sp4_8.3_rev,27,11.0626,0.41322,0.22271,4,2,5,0.18617,3.3978,9,0.32851,3.3013,18,0.65668,1.6982,22,0.81289,1.5501
7mar15_1mar15_PWD_m1_sp4_8.3_rev,73,4.8336,0.066175,0.26593,2,20,11,0.1535,1.9098,66,0.90334,5.1509
7mar15_1mar15_PWD_m1_sp4_8.3_rev,32,4.8362,0.15082,0.28462,5,21,2,0.071574,1.1793,10,0.30186,1.7978,16,0.49697,1.3085,21,0.64182,1.5893,27,0.84555,0.94612
7mar15_1mar15_PWD_m1_sp4_8.3_rev,88,3.1373,0.035534,0.28699,4,22,4,0.047935,0,11,0.1248,3.3074,55,0.6243,0,76,0.85695,1.7299
7mar15_1mar15_PWD_m1_sp4_8.3_rev,67,5.9329,0.088896,0.27109,2,23,49,0.72844,6.4125,61,0.9124,1.933
7mar15_1mar15_PWD_m1_sp4_8.3_rev,120,4.9216,0.040872,0.25794,4,24,16,0.13151,0,57,0.47581,0,81,0.67305,0,115,0.95501,0
7mar15_1mar15_PWD_m1_sp4_8.3_rev,224,50.2753,0.2242,0.26784,25,27,7,0.02933,0.57086,17,0.075277,0,27,0.1193,0,37,0.16687,0.63401,45,0.20283,0.12718,55,0.24517,1.1969,71,0.31767,1.2817,78,0.3497,0.3988,83,0.3695,0.38678,90,0.4011,0,97,0.43269,0,109,0.48771,0,115,0.51414,0,129,0.57529,0.538,137,0.60901,0,149,0.66668,0.12575,156,0.69583,0.25708,165,0.73548,2.5602,178,0.79326,1.3983,183,0.81564,0.95985,191,0.85317,0,198,0.88244,0,203,0.90623,0.38362,210,0.93704,0,219,0.9787,3.6839
7mar15_1mar15_PWD_m1_sp4_8.3_rev,13,6.1213,0.46312,0.32203,1,28,4,0.26939,0
7mar15_1mar15_PWD_m1_sp4_8.3_rev,81,3.1739,0.0393,0.30586,2,3,27,0.33649,0,73,0.90455,0
7mar15_1mar15_PWD_m1_sp4_8.3_rev,35,1.7647,0.050759,0.29064,1,4,21,0.60045,0
7mar15_1mar15_PWD_m1_sp4_8.3_rev,36,5.385,0.14984,0.25271,4,5,3,0.091364,0,7,0.18878,0.27131,19,0.54237,2.1112,31,0.85621,1.0327
7mar15_1mar15_PWD_m1_sp4_8.3_rev,57,15.863,0.27588,0.28006,1,6,48,0.82772,0
7mar15_1mar15_PWD_m1_sp4_8.3_rev,25,11.9727,0.48247,0.24798,3,7,4,0.18054,1.5185,16,0.63603,11.7425,19,0.7802,11.7367
7mar15_1mar15_PWD_m1_sp4_8.3_rev,42,14.9398,0.35842,0.24152,4,8,15,0.35242,6.9729,23,0.55659,3.6925,29,0.69248,3.7005,37,0.88368,4.8231
7mar15_1mar15_PWD_m1_sp4_8.3_rev,35,3.3284,0.094627,0.27258,1,9,23,0.64691,0
7mar15_1mar15_PWD_m1_sp4_8_rev,41,6.0605,0.14952,0.45589,3,1,5,0.13209,3.8528,21,0.51966,0.32208,33,0.80701,3.91
7mar15_1mar15_PWD_m1_sp4_8_rev,83,6.0795,0.073592,0.3658,1,10,21,0.25958,8.4686
7mar15_1mar15_PWD_m1_sp4_8_rev,190,4.1366,0.021809,0.35553,11,11,3,0.016011,0,9,0.048804,0,28,0.14947,0,34,0.17784,1.4315,53,0.2772,0,62,0.32729,0,73,0.38547,0,93,0.48933,0,101,0.53452,0,155,0.81554,1.5073,176,0.92607,0
7mar15_1mar15_PWD_m1_sp4_8_rev,58,3.8803,0.066368,0.32422,6,15,2,0.029746,3.2008,19,0.32917,1.6962,26,0.44187,1.0023,40,0.68347,2.7201,45,0.76438,3.0432,53,0.91472,1.4157
7mar15_1mar15_PWD_m1_sp4_8_rev,103,18.2921,0.17806,0.33821,3,16,32,0.31431,0,81,0.7867,0,100,0.97285,0
7mar15_1mar15_PWD_m1_sp4_8_rev,58,7.6222,0.13138,0.32842,2,17,7,0.12532,7.1894,50,0.85592,8.8124
7mar15_1mar15_PWD_m1_sp4_8_rev,88,2.6866,0.030531,0.32592,1,18,61,0.69109,8.4831
7mar15_1mar15_PWD_m1_sp4_8_rev,44,3.8868,0.087707,0.35511,1,19,19,0.43887,8.6473
7mar15_1mar15_PWD_m1_sp4_8_rev,98,7.7945,0.079485,0.38562,2,2,47,0.47546,8.5775,84,0.86001,8.224
7mar15_1mar15_PWD_m1_sp4_8_rev,27,4.2456,0.15508,0.3407,4,20,4,0.13312,1.3145,9,0.31067,1.0025,20,0.73494,2.9854,25,0.90868,1.8071
7mar15_1mar15_PWD_m1_sp4_8_rev,36,14.277,0.39934,0.28558,2,21,12,0.32202,8.1818,19,0.54169,6.1312
7mar15_1mar15_PWD_m1_sp4_8_rev,78,6.3503,0.081167,0.30293,3,22,20,0.25028,3.5198,51,0.65618,11.0153,67,0.85908,6.0393
7mar15_1mar15_PWD_m1_sp4_8_rev,35,7.3949,0.21335,0.30597,1,23,31,0.90257,0
7mar15_1mar15_PWD_m1_sp4_8_rev,55,4.2434,0.077159,0.28758,1,25,20,0.35574,0
7mar15_1mar15_PWD_m1_sp4_8_rev,56,14.5689,0.2591,0.2727,1,26,23,0.41109,9.4071
7mar15_1mar15_PWD_m1_sp4_8_rev,46,8.74,0.19142,0.3144,1,27,38,0.84258,0
7mar15_1mar15_PWD_m1_sp4_8_rev,35,2.0588,0.059145,0.30863,1,28,22,0.6345,0
7mar15_1mar15_PWD_m1_sp4_8_rev,112,6.4124,0.057167,0.38495,2,3,23,0.20168,6.3585,107,0.952,2.7884
7mar15_1mar15_PWD_m1_sp4_8_rev,43,5.1131,0.11807,0.30354,1,30,37,0.85365,0
7mar15_1mar15_PWD_m1_sp4_8_rev,56,19.1642,0.34115,0.25621,7,33,8,0.14241,5.239,17,0.29578,5.8034,20,0.3519,6.104,24,0.43191,5.6923,30,0.52817,6.706,35,0.61577,8.2223,40,0.7206,7.5081
7mar15_1mar15_PWD_m1_sp4_8_rev,53,11.7736,0.22389,0.27074,4,36,16,0.30735,3.3074,29,0.54663,1.5448,42,0.79201,5.0045,53,1,1.517
7mar15_1mar15_PWD_m1_sp4_8_rev,27,8.3625,0.3137,0.29425,1,37,11,0.40038,0
7mar15_1mar15_PWD_m1_sp4_8_rev,49,3.0769,0.063264,0.26935,1,40,23,0.47273,7.8019
7mar15_1mar15_PWD_m1_sp4_8_rev,66,3.2511,0.04917,0.29784,1,41,59,0.89356,0
7mar15_1mar15_PWD_m1_sp4_8_rev,69,9.4118,0.13674,0.26076,1,43,44,0.64499,0
7mar15_1mar15_PWD_m1_sp4_8_rev,32,4.8368,0.15101,0.29207,4,46,2,0.071655,1.4373,10,0.30538,2.1682,16,0.49741,1.5319,20,0.63461,1.8876
7mar15_1mar15_PWD_m1_sp4_8_rev,87,3.4336,0.039251,0.29475,4,47,5,0.051786,0,11,0.12825,5.6945,54,0.6184,0,75,0.85967,3.9417
7mar15_1mar15_PWD_m1_sp4_8_rev,67,6.1234,0.091843,0.27958,1,48,49,0.73055,9.5656
7mar15_1mar15_PWD_m1_sp4_8_rev,120,4.9256,0.040951,0.26606,4,49,16,0.13085,0,57,0.47382,0,81,0.67426,0,115,0.95237,0
7mar15_1mar15_PWD_m1_sp4_8_rev,130,4.6221,0.035635,0.46391,12,5,8,0.058934,0,17,0.13165,1.9082,27,0.20854,0,41,0.31408,0,71,0.54546,0,79,0.60748,0,84,0.65041,0,92,0.71281,0.95537,104,0.80485,0.6967,115,0.88758,2.372,120,0.92765,2.1859,126,0.97436,1.8279
7mar15_1mar15_PWD_m1_sp4_8_rev,24,4.8179,0.20243,0.33462,3,55,4,0.15626,3.2237,11,0.48064,4.8307,20,0.84782,0.98114
7mar15_1mar15_PWD_m1_sp4_8_rev,69,3.1846,0.046211,0.4045,2,6,16,0.22908,0,30,0.43945,0
7mar15_1mar15_PWD_m1_sp4_8_rev,48,22.4089,0.46988,0.27481,5,60,5,0.098293,1.5381,9,0.19605,1.3742,23,0.48253,3.4906,33,0.70237,6.5005,47,0.98767,0.68654
7mar15_1mar15_PWD_m1_sp4_8_rev,48,21.568,0.45162,0.26284,3,66,5,0.10134,6.9445,18,0.37398,13.0816,35,0.73268,2.7535
7mar15_1mar15_PWD_m1_sp4_8_rev,115,2.041,0.017673,0.30976,7,68,1,0.005155,0,39,0.33839,2.543,68,0.58826,0,77,0.66979,0.57065,90,0.77597,0,102,0.88044,0,108,0.93408,0
7mar15_1mar15_PWD_m1_sp4_8_rev,39,7.9297,0.20123,0.37968,5,7,4,0.08944,1.304,13,0.31806,1.4523,23,0.57281,4.2173,33,0.84471,0.38433,38,0.97489,1.0426
7mar15_1mar15_PWD_m1_sp4_8_rev,79,5.3362,0.067628,0.37607,2,8,10,0.12518,0,67,0.85164,0
7mar15_1mar15_PWD_m1_sp4_8_rev,91,8.4212,0.093041,0.35092,10,9,8,0.089137,5.272,16,0.1758,1.7676,22,0.23966,1.0941,28,0.30675,0.92799,40,0.44349,2.6345,52,0.57571,1.1831,56,0.61775,1.4058,65,0.71503,1.7604,80,0.88626,4.5409,90,0.9966,2.4693
7mar15_1mar15_PWD_m1_sp4_9_rev,105,5.7754,0.055168,0.34596,1,1,26,0.24426,0
7mar15_1mar15_PWD_m1_sp4_9_rev,157,4.7781,0.030508,0.37675,16,10,2,0.014806,2.6811,17,0.11103,2.4373,27,0.16943,2.3002,36,0.22961,1.1675,42,0.26784,2.5171,52,0.33513,2.2837,58,0.3682,1.9439,73,0.46667,3.0671,77,0.49323,2.2534,89,0.56553,1.7343,102,0.65377,1.7903,114,0.72821,3.0008,120,0.76487,1.5757,128,0.81706,1.4196,139,0.88807,1.1398,147,0.93926,2.4896
7mar15_1mar15_PWD_m1_sp4_9_rev,122,5.9769,0.048925,0.3857,3,11,9,0.071022,9.0717,44,0.35622,1.0588,111,0.91194,8.3619
7mar15_1mar15_PWD_m1_sp4_9_rev,144,5.6958,0.039635,0.39544,9,12,5,0.033675,3.9063,15,0.10142,3.9015,30,0.20669,3.4409,51,0.35506,1.7227,63,0.43704,3.1156,74,0.51598,2.2754,81,0.56525,2.2672,97,0.6737,1.7086,138,0.96104,6.0609
7mar15_1mar15_PWD_m1_sp4_9_rev,68,2.7692,0.040563,0.44287,2,13,60,0.87209,5.9424,67,0.98648,1.5278
7mar15_1mar15_PWD_m1_sp4_9_rev,96,8.4928,0.088054,0.40847,2,14,26,0.27429,0,94,0.97337,0
7mar15_1mar15_PWD_m1_sp4_9_rev,83,20.4487,0.24512,0.35564,2,3,24,0.29193,0,76,0.90847,0
7mar15_1mar15_PWD_m1_sp4_9_rev,70,3.4919,0.04954,0.36488,1,4,64,0.91391,0
7mar15_1mar15_PWD_m1_sp4_9_rev,122,6.8314,0.055819,0.35183,2,7,46,0.3736,19.6973,114,0.92884,7.3199
7mar15_1mar15_PWD_m1_sp4_9_rev,28,3.1804,0.11281,0.4114,4,8,2,0.064494,0,6,0.20557,0,17,0.58604,0,22,0.76796,0.73855
7mar15_1mar15_PWD_m1_sp4_9_rev,163,3.479,0.0214,0.33848,2,9,77,0.47556,10.4292,150,0.92468,8.9052
