row.name,chr1,chr2,chr3,chr4,chr5,chr6,chr7,chr8,chr9,chr10,chr11,chr12,chr13,chr14,chr15,chr16,chr17,chr18,chr19,chr20,chr21,chr22
1,3,2,2,3,2,2,3,0,2,0,2,1,2,2,1,2,2,2,2,1,1,1
2,3,4,3,1,3,2,1,2,3,3,2,2,2,2,2,2,2,2,2,2,1,1
3,1,2,2,2,2,3,2,2,2,2,3,2,0,1,2,2,2,2,1,1,0,0
4,3,3,2,3,2,2,2,2,2,2,2,3,2,1,3,2,1,2,2,2,1,1
5,3,3,1,3,2,2,1,2,2,1,2,2,2,2,2,0,2,2,1,1,1,1
6,4,3,3,3,3,2,3,2,2,3,2,2,2,3,2,2,2,2,2,3,1,1
7,4,2,4,3,3,2,3,2,2,2,2,2,2,2,2,2,2,2,2,2,1,1
8,4,4,2,3,2,2,3,2,2,3,2,3,2,2,2,1,2,1,2,2,1,1
9,4,3,3,2,3,2,3,2,3,3,2,2,1,2,2,2,2,2,2,2,1,1
10,4,3,2,3,1,2,3,2,2,2,2,2,2,2,2,1,2,2,2,2,1,1
11,3,3,4,3,4,2,2,2,2,2,2,2,2,2,2,2,2,2,2,2,1,1
12,3,4,4,3,3,3,2,2,2,3,2,2,2,2,2,2,2,1,2,2,1,1
13,4,2,3,3,4,3,2,2,2,2,2,3,2,1,2,2,2,2,3,2,1,1
14,4,4,3,1,2,3,2,2,2,2,3,2,2,2,2,2,1,0,2,2,1,1
15,4,3,2,5,2,3,2,3,2,2,2,1,2,2,2,2,2,2,1,1,1,1
16,3,3,3,3,3,2,3,2,2,2,1,2,2,1,1,2,2,2,2,2,1,1
17,3,2,3,2,2,2,2,3,3,3,3,2,3,2,2,3,3,2,3,2,2,2
18,4,3,3,2,1,1,3,2,2,3,2,3,2,2,2,2,0,2,1,2,1,1
19,3,2,2,3,2,2,2,2,2,1,2,2,2,2,2,1,2,1,2,1,1,1
20,3,4,4,3,3,3,2,2,2,2,2,2,1,2,2,2,2,2,2,1,1,1
21,4,2,3,3,2,2,2,2,2,2,2,2,2,1,1,2,2,1,2,2,1,1
22,3,3,2,3,2,2,3,3,2,2,2,2,2,1,2,2,1,2,2,2,1,1
23,4,3,3,3,3,3,3,2,2,2,3,3,2,3,2,2,2,2,2,2,1,1
24,3,3,3,3,3,1,2,2,2,1,2,2,2,2,2,2,2,1,2,2,1,1
25,3,3,1,2,2,2,3,2,2,2,2,2,2,1,2,2,2,2,2,2,1,1
26,4,3,3,2,2,2,4,3,1,3,3,2,2,1,2,2,2,2,1,2,1,1
27,3,3,2,2,1,2,2,2,2,2,2,2,2,2,1,1,2,2,1,2,1,0
28,4,3,3,2,2,3,2,2,2,2,2,2,2,2,2,2,2,1,2,2,1,1
29,2,3,3,2,3,2,2,2,2,2,2,2,2,2,2,2,2,1,2,1,1,1
30,3,4,4,3,2,3,2,2,2,2,2,3,2,2,2,2,2,2,2,2,1,1
31,3,2,3,2,3,3,2,2,2,2,2,3,2,2,2,2,2,2,2,2,1,1
32,5,3,2,2,3,2,1,1,2,3,2,3,2,2,1,2,1,2,1,2,1,1
33,3,4,2,3,2,2,2,2,2,2,2,2,2,2,2,2,2,1,0,2,1,1
34,4,2,2,2,3,2,2,2,3,2,2,2,2,2,2,2,2,1,2,2,1,1
35,3,3,3,2,2,2,2,2,2,3,2,2,2,2,2,2,2,2,2,2,1,1
36,3,3,2,2,3,2,3,2,2,2,2,2,2,2,2,2,2,1,2,1,1,1
37,4,4,2,2,2,2,1,2,3,3,2,2,2,2,2,2,2,2,2,2,1,1
38,3,2,3,3,3,3,3,2,2,3,2,2,2,0,2,2,2,2,2,2,1,1
39,3,4,3,1,2,2,2,2,2,2,3,1,2,2,2,2,2,2,2,2,1,1
40,3,4,2,3,2,1,3,2,3,2,2,2,2,3,1,2,1,0,2,1,1,1
41,3,3,3,3,2,2,3,2,3,2,2,2,2,2,2,2,2,1,2,2,1,1
42,3,3,2,2,3,2,3,2,2,3,2,2,2,2,2,2,2,1,1,2,1,1
43,3,3,2,2,2,1,2,3,1,2,2,3,2,2,2,2,2,1,2,2,1,1
44,4,2,3,3,3,2,2,2,3,3,2,2,2,2,2,2,2,2,2,2,1,1
45,2,3,3,2,2,1,1,2,2,2,2,2,1,1,2,2,2,1,2,2,1,1
46,3,3,3,2,2,2,2,2,3,2,2,2,2,2,2,2,2,2,2,2,1,1
47,2,4,2,2,3,2,2,3,2,2,2,2,2,2,2,2,2,2,2,2,1,1
48,3,3,3,1,3,2,2,2,2,2,2,3,2,2,1,1,2,2,2,2,1,1
49,4,3,3,3,3,2,2,2,2,2,2,2,2,1,2,2,2,2,2,2,1,1
50,4,3,2,3,3,2,2,2,2,2,1,2,1,1,2,2,2,1,2,2,1,1
51,3,3,3,4,3,2,3,2,3,3,2,2,2,2,2,2,2,2,2,2,1,1
52,3,4,3,3,2,3,2,2,1,2,1,2,2,2,2,2,1,2,2,1,1,2
53,4,3,3,2,3,3,2,3,3,2,3,3,2,2,2,2,2,2,2,1,1,1
54,3,2,3,3,3,2,1,2,2,2,3,3,2,1,1,2,2,2,2,0,1,1
55,3,3,2,2,2,2,2,2,2,2,2,2,2,1,1,2,2,2,2,1,1,1
56,3,3,3,2,3,2,2,2,2,1,2,2,2,2,1,2,2,2,2,2,1,1
57,4,3,3,2,3,3,2,2,2,2,3,2,2,2,2,2,2,1,2,2,1,1
58,4,3,3,3,2,2,2,2,2,2,3,2,2,2,1,2,2,1,2,2,1,1
59,4,3,2,3,2,3,2,2,2,2,2,3,2,2,2,2,2,1,1,2,1,1
60,4,2,4,2,3,1,2,2,3,2,2,3,2,2,2,2,2,1,2,2,1,1
61,3,4,3,2,3,2,3,2,2,2,2,2,2,2,2,1,2,1,2,2,1,1
62,3,3,3,3,2,2,2,2,3,2,2,1,2,2,2,2,2,2,2,1,1,1
63,3,3,3,3,2,2,2,2,3,2,2,2,1,2,2,2,2,2,2,2,1,1
64,3,3,2,2,2,2,3,3,2,2,3,3,2,3,2,2,2,2,2,2,1,1
65,3,4,2,2,2,1,3,2,1,2,2,2,2,2,2,2,2,1,1,2,1,1
66,2,3,2,2,2,2,3,3,1,2,2,2,2,2,2,2,2,1,2,2,1,1
67,3,3,3,1,1,2,2,0,2,2,3,2,1,1,2,2,2,1,2,0,0,1
68,2,3,2,3,1,1,3,2,2,2,1,2,2,1,1,2,1,2,1,1,0,1
69,4,2,3,2,3,2,2,2,2,3,2,2,2,2,2,2,0,1,2,2,1,2
70,2,3,3,3,2,2,2,2,2,3,2,2,2,2,2,2,2,2,2,1,1,1
71,3,3,2,2,3,2,2,2,2,3,2,2,1,2,2,2,2,1,2,2,1,1
72,3,3,3,2,2,2,3,2,2,1,2,1,1,1,2,2,3,2,2,1,1,1
73,4,3,3,3,2,2,3,2,3,2,2,2,2,2,2,2,2,2,2,2,1,1
74,3,3,2,3,2,2,2,2,2,2,2,2,1,1,2,2,2,1,2,2,1,1
75,3,3,2,2,3,2,3,1,2,2,2,2,1,2,2,2,1,1,2,2,1,1
76,5,3,3,3,3,2,2,2,2,3,2,3,2,2,1,2,2,1,2,2,1,1
77,4,2,3,3,3,2,2,3,3,2,2,3,1,1,2,2,2,2,3,2,1,1
78,2,3,2,2,1,2,1,3,2,3,2,2,1,1,1,2,1,1,1,2,0,1
79,4,2,4,2,3,2,3,2,2,2,3,2,1,2,2,2,1,2,2,2,1,1
80,3,3,2,3,3,2,3,2,2,3,3,3,1,2,2,0,1,2,2,2,1,1
81,5,5,3,4,3,3,3,3,2,3,2,2,2,2,2,2,2,2,2,2,1,1
82,5,3,4,3,4,4,2,1,2,3,2,3,2,2,2,2,2,2,2,2,1,1
83,3,4,3,3,3,3,3,2,2,2,2,3,2,2,1,2,1,2,2,2,1,1
84,4,4,4,3,3,3,3,3,2,2,2,3,2,2,2,2,2,2,2,2,1,2
85,4,0,4,2,3,3,2,2,2,3,2,2,2,2,2,2,1,2,2,2,1,1
86,4,3,4,2,2,3,2,2,3,3,1,2,2,1,2,2,1,2,2,1,0,1
87,4,4,3,2,3,2,3,1,1,2,3,2,1,2,1,2,2,1,2,2,1,1
88,3,5,3,2,2,3,2,2,2,3,2,2,2,2,2,2,2,2,2,2,1,2
89,4,2,2,2,2,3,3,2,3,3,1,2,2,2,2,2,2,2,2,2,1,1
90,4,3,2,3,2,2,3,2,1,1,2,1,0,2,2,2,3,1,2,2,1,1
91,4,3,4,2,3,3,3,2,3,3,1,3,2,2,2,2,2,2,2,2,1,1
92,4,4,3,3,2,3,3,2,2,2,2,1,1,2,2,2,2,1,1,1,1,1
93,5,3,3,2,4,2,3,3,2,1,3,3,2,1,1,1,2,2,2,2,1,1
94,4,4,4,3,3,2,3,3,2,2,2,3,2,2,2,2,2,2,2,2,1,1
95,4,4,3,3,2,2,3,2,2,3,2,3,2,2,2,2,2,2,2,2,1,0
96,4,4,3,2,1,3,2,3,2,2,3,2,2,1,2,2,2,2,2,2,1,1
97,1,4,3,2,3,3,3,3,3,2,1,2,2,1,1,2,1,1,2,2,1,1
98,3,3,4,3,3,3,3,2,3,2,2,3,1,2,1,2,3,1,2,2,1,2
99,4,4,3,3,3,2,2,2,3,2,3,3,2,2,2,2,2,2,2,2,1,1
100,4,3,4,4,3,3,3,2,2,3,2,2,2,2,2,2,2,1,2,2,1,1
101,5,3,3,3,3,4,3,2,3,3,2,3,1,1,2,3,2,2,1,2,1,1
102,4,3,3,3,3,2,3,2,2,2,2,3,2,2,2,2,2,2,2,2,1,1
103,4,4,3,3,3,2,3,3,3,3,2,2,2,2,2,2,2,2,2,2,1,2
104,4,4,4,3,3,3,2,2,3,3,2,3,2,2,2,2,2,2,2,2,1,1
105,4,4,3,2,3,3,2,2,2,3,2,2,2,2,2,2,2,2,2,2,1,1
106,4,3,3,2,3,3,3,2,3,3,3,2,2,2,2,2,3,2,2,2,1,1
107,1,3,1,2,2,1,1,2,2,2,1,1,2,2,1,2,2,2,2,2,1,0
108,4,3,2,2,3,3,3,2,3,2,2,3,1,2,2,2,2,2,2,2,1,1
109,3,4,4,4,4,3,3,3,2,3,2,2,3,1,2,2,2,2,2,2,1,1
110,4,3,3,3,2,3,3,2,3,3,2,2,2,2,2,2,2,2,2,2,1,1
111,4,4,2,3,3,2,2,2,2,3,2,3,2,2,2,2,2,2,2,2,1,1
112,3,3,3,2,2,1,2,2,3,2,2,3,2,1,2,2,2,2,2,2,1,1
113,4,4,4,3,3,2,3,3,2,2,3,3,2,2,2,2,3,2,2,2,1,1
114,4,3,3,3,3,2,3,2,3,3,2,3,2,2,2,2,2,2,2,2,1,1
115,4,4,4,4,3,3,3,2,2,2,2,3,2,2,2,2,2,2,2,2,1,2
116,4,5,4,3,3,2,3,3,3,2,2,3,2,2,2,2,2,2,2,2,1,1
117,4,5,3,3,1,2,3,2,3,2,2,3,2,2,2,3,2,2,2,2,1,1
118,4,4,3,3,3,2,3,2,2,3,2,3,2,2,2,2,2,2,2,2,1,1
119,4,4,3,3,2,2,3,2,3,2,2,2,2,2,2,2,2,2,2,1,1,1
120,3,4,2,2,2,2,3,2,2,2,2,1,2,0,1,1,2,1,2,2,0,1
121,4,3,4,3,3,3,3,2,2,3,2,3,2,2,1,2,2,2,2,2,1,1
122,2,4,1,3,3,2,2,1,2,2,2,2,1,1,2,1,2,2,1,2,1,1
123,4,4,3,2,3,2,3,2,3,3,3,3,2,2,2,2,2,2,2,2,1,1
124,2,3,2,3,2,2,3,1,1,2,2,2,1,1,1,2,2,2,2,1,1,1
125,4,3,4,3,3,2,2,2,2,2,3,3,2,2,2,2,2,2,1,2,1,1
126,4,4,3,3,3,3,3,2,2,3,2,2,2,2,2,2,2,2,2,2,1,1
127,4,4,3,2,3,3,3,3,3,3,2,2,2,2,1,2,2,2,2,2,1,1
128,5,3,4,3,3,2,3,2,2,3,2,2,2,2,3,2,2,2,2,2,1,1
129,3,3,3,2,2,2,2,2,2,2,2,2,2,2,2,2,2,1,2,2,1,1
130,3,4,2,0,2,1,1,1,1,2,1,0,1,1,1,2,3,1,1,2,0,1
131,4,2,4,3,3,2,3,2,3,3,2,3,2,2,2,2,2,2,2,2,1,1
132,3,3,3,3,1,2,2,2,2,2,2,1,1,0,1,2,1,1,2,1,1,1
133,4,3,3,3,3,2,3,1,3,3,2,2,2,2,2,2,2,2,2,0,1,2
134,4,4,3,3,3,3,2,2,2,2,2,3,2,2,2,2,2,1,2,2,1,1
135,4,4,4,3,3,4,4,3,3,3,2,3,2,2,2,2,2,2,2,2,1,2
136,4,3,3,3,3,3,3,3,3,3,3,3,2,2,2,2,2,2,2,2,1,1
137,4,3,3,3,2,2,3,3,2,2,2,2,2,2,1,2,2,2,2,1,1,1
138,4,3,4,3,2,2,3,2,3,3,2,3,2,2,2,3,2,2,2,2,1,1
139,4,3,4,2,3,3,3,2,2,2,2,2,2,1,1,2,2,2,2,2,1,1
140,4,4,3,3,3,3,3,2,3,2,2,3,2,2,2,1,2,2,2,2,1,1
141,4,3,4,2,2,2,3,2,3,2,2,3,2,2,2,2,2,2,2,2,1,1
142,4,3,3,2,1,3,2,2,3,2,3,2,2,2,2,2,2,2,2,1,1,0
143,3,3,3,3,3,3,2,2,3,3,3,2,2,2,2,2,2,2,2,2,1,2
144,5,3,3,2,2,2,1,1,2,2,2,2,2,2,2,2,2,1,2,1,1,1
145,3,4,3,3,3,4,3,3,3,3,2,3,2,2,1,2,2,2,2,3,1,1
146,4,3,3,3,3,3,3,2,2,2,2,3,2,2,2,2,2,2,2,2,1,2
147,4,3,2,3,4,2,3,2,3,2,2,2,2,2,1,2,1,2,2,2,1,1
148,5,3,4,3,3,3,2,2,2,2,4,3,1,1,1,2,1,2,2,2,1,2
149,4,4,3,3,3,3,2,2,2,2,2,2,1,2,2,2,2,2,2,2,1,1
150,4,4,3,2,3,2,3,2,2,2,2,3,1,2,1,2,2,2,2,2,1,1
151,4,3,1,3,2,1,3,1,3,2,2,2,1,2,2,2,2,2,2,2,1,1
152,4,5,4,3,3,3,0,3,2,2,3,3,2,2,2,2,2,2,2,2,1,1
153,4,2,4,4,3,3,3,2,3,3,2,3,1,2,2,2,2,2,2,2,1,2
154,3,4,4,3,3,3,3,1,3,2,2,3,2,2,2,2,2,2,2,1,0,2
155,4,3,3,3,3,2,3,3,3,3,3,3,2,2,2,2,2,2,2,2,1,1
156,4,3,3,3,3,3,3,3,2,3,3,3,2,2,2,2,2,1,2,2,1,1
157,3,3,3,3,3,2,3,3,2,3,2,2,1,2,2,2,3,2,2,2,1,1
158,4,3,3,3,3,2,3,2,2,1,2,3,1,2,2,2,2,2,2,2,1,1
159,4,3,3,2,3,3,3,3,3,2,2,2,2,1,2,2,2,2,2,2,1,2
160,4,3,3,3,3,3,3,3,2,3,3,3,1,2,2,2,2,1,2,2,1,1
161,4,3,3,3,3,3,2,2,2,2,2,2,2,1,2,2,2,2,2,2,1,1
162,3,4,3,2,2,2,2,2,3,2,2,0,1,2,2,2,2,3,2,1,1,1
163,3,3,3,2,2,2,3,2,3,3,2,2,2,2,2,3,2,2,2,2,1,1
164,4,3,3,3,3,2,3,3,2,2,2,3,2,2,2,2,2,2,2,2,1,2
165,3,3,4,3,3,3,2,2,2,2,3,2,2,0,2,2,2,2,2,1,1,1
166,5,3,4,2,3,2,2,2,2,2,2,2,2,2,0,1,2,1,2,1,1,1
167,4,4,4,3,2,3,2,2,3,2,2,2,2,2,2,2,2,2,2,2,2,1
168,4,4,3,4,2,3,2,2,2,2,3,3,2,2,2,2,2,2,2,2,1,2
169,5,4,3,3,3,3,4,2,2,3,2,2,2,2,2,2,3,1,2,2,1,2
170,4,3,4,3,2,3,3,2,3,3,3,3,2,2,2,2,2,2,2,2,1,1
171,3,5,2,2,2,2,3,2,2,2,2,2,2,2,2,2,2,1,2,2,1,1
172,5,3,3,3,3,2,3,3,2,2,2,3,2,1,2,2,1,2,2,2,1,1
173,4,4,3,3,3,3,4,2,2,3,3,3,2,2,2,2,3,2,2,2,1,1
174,4,3,3,3,2,2,2,2,2,3,2,2,2,2,2,2,2,2,2,1,1,1
175,3,3,2,2,2,2,3,2,2,2,2,2,2,2,2,2,2,1,2,2,1,1
176,4,3,4,3,3,3,3,2,2,2,3,3,2,2,2,2,2,2,2,2,1,1
177,5,3,4,3,3,3,3,2,3,3,3,3,2,2,2,2,2,2,2,2,1,1
178,4,4,4,3,4,2,3,2,3,3,2,2,2,2,2,2,2,1,2,2,1,2
179,4,3,3,3,3,2,3,2,2,3,3,2,2,2,2,2,2,1,2,2,1,1
180,4,4,3,3,3,3,2,2,3,2,2,3,2,2,2,2,2,2,2,2,1,1
181,4,4,3,3,1,2,2,2,2,3,2,3,2,2,2,2,2,2,2,2,0,1
182,4,4,4,3,2,3,2,2,2,3,3,3,2,2,2,2,2,2,2,2,0,1
183,4,3,3,2,3,3,3,3,4,3,2,4,2,2,2,2,2,2,1,2,1,1
184,4,5,4,2,3,2,3,3,2,3,2,3,2,2,2,2,2,2,2,2,1,1
185,6,3,3,3,3,3,4,2,3,3,2,2,2,2,2,2,2,2,2,2,1,1
186,3,3,3,3,3,3,3,2,2,2,2,2,2,2,2,2,2,2,2,2,0,1
187,4,2,4,2,3,4,3,2,3,2,2,2,2,2,2,2,2,2,2,2,1,1
188,3,3,3,2,2,1,2,2,1,1,2,2,1,1,1,0,2,2,1,1,1,1
189,3,2,2,3,3,2,2,2,2,2,2,2,1,1,2,1,2,2,2,1,1,1
190,3,4,3,3,2,1,3,2,2,2,3,1,2,2,1,1,2,1,2,1,1,1
191,5,3,4,3,4,3,3,2,3,2,2,3,2,2,2,2,2,2,2,2,1,2
192,4,4,3,3,2,2,2,2,2,2,2,3,2,1,2,2,2,2,2,2,1,1
193,4,3,3,3,3,4,3,2,3,3,2,3,2,2,2,2,2,2,2,2,1,1
194,4,4,3,3,2,3,2,2,2,2,2,2,2,1,2,2,2,2,2,2,1,1
195,4,3,4,3,2,3,3,3,2,3,3,3,2,2,2,2,2,2,2,2,1,1
196,4,4,3,2,3,2,2,2,2,2,2,2,2,2,2,2,2,2,2,2,1,1
197,4,3,2,3,4,2,2,2,2,3,2,3,2,2,1,2,2,1,2,2,1,1
198,4,4,2,3,2,3,2,2,2,2,2,3,2,2,1,2,2,2,2,2,1,1
199,4,3,3,3,3,3,2,2,3,1,2,2,2,2,2,1,2,2,2,1,1,1
200,3,3,3,3,3,2,3,3,3,3,4,2,2,2,3,2,4,2,3,2,2,3
201,4,4,3,4,3,2,3,3,3,2,2,2,2,2,2,2,2,1,2,2,1,1
202,3,4,3,2,3,4,3,2,2,3,2,2,1,2,2,2,1,2,2,2,1,2
203,3,3,3,1,2,3,2,2,2,2,2,2,2,2,2,2,2,1,2,2,1,1
204,4,3,2,2,3,1,3,2,2,1,2,2,2,1,1,2,2,1,3,1,0,1
205,3,4,4,3,3,3,2,2,2,3,3,2,1,2,3,2,2,1,2,2,1,1
206,4,3,4,3,2,3,2,3,3,3,2,4,2,2,1,2,2,2,2,2,1,1
207,4,4,3,3,2,2,2,2,3,2,2,2,2,2,2,2,2,2,2,1,1,1
208,4,4,2,3,3,3,2,3,3,2,3,2,2,1,2,2,2,2,1,2,1,1
209,4,3,3,3,2,2,3,2,3,1,2,2,2,1,2,2,2,2,2,1,1,0
210,3,4,3,2,3,2,2,2,2,2,2,2,2,2,2,2,2,2,2,2,1,1
211,4,4,3,3,3,2,2,2,2,2,3,3,2,3,2,2,2,1,2,3,2,1
212,4,3,3,2,3,2,3,2,3,3,3,3,2,2,2,2,2,2,2,1,1,1
213,4,4,3,2,2,3,2,2,2,2,2,2,2,2,2,2,2,2,2,2,1,1
214,4,2,3,3,3,2,3,2,3,2,2,2,2,2,2,2,2,2,2,2,1,1
215,4,3,3,2,3,2,2,2,2,2,2,2,2,2,2,2,3,2,2,2,1,1
216,3,4,3,2,3,2,2,2,2,2,1,2,2,2,2,2,2,1,1,2,1,1
217,5,3,4,3,3,2,3,2,3,2,2,2,2,2,2,2,2,2,2,2,1,1
218,4,3,3,3,3,3,3,2,2,2,2,3,2,2,2,2,2,2,2,2,1,1
219,3,2,3,2,2,3,2,3,3,2,3,2,2,2,2,2,2,2,2,2,1,1
220,3,4,3,2,3,3,2,2,1,2,2,2,1,2,2,2,2,2,2,1,1,2
221,6,3,3,2,3,3,2,2,2,3,2,2,2,2,2,2,2,2,2,2,1,1
222,4,3,4,2,3,4,3,2,2,3,3,2,2,2,3,2,2,2,2,2,1,1
223,4,4,3,2,3,2,2,2,2,2,2,2,2,2,2,2,2,2,1,2,1,1
224,4,4,3,3,3,3,1,2,2,2,2,2,2,2,2,2,2,2,2,2,1,1
225,4,3,3,2,3,4,4,2,3,3,2,3,2,2,2,2,3,2,2,2,1,1
226,4,4,3,2,3,2,3,3,2,2,3,3,2,2,2,2,2,2,2,2,1,2
227,5,3,3,2,2,2,3,2,2,3,2,2,2,2,2,2,2,2,2,2,1,1
228,4,3,4,3,3,3,2,2,4,3,2,2,3,2,2,2,1,2,2,2,1,1
229,3,3,4,3,4,4,2,2,3,2,2,3,3,2,2,2,3,2,2,2,1,2
230,2,4,3,2,2,1,2,1,0,2,0,2,0,2,1,2,0,1,1,1,0,0
231,4,4,3,2,2,3,3,2,2,3,3,3,2,2,2,2,2,2,2,2,1,1
232,3,4,3,2,2,3,2,2,2,2,2,2,2,2,2,1,2,1,1,1,1,1
233,3,4,4,3,3,3,3,2,3,3,3,3,2,2,2,3,2,2,2,2,1,1
234,4,4,3,3,3,2,2,2,3,2,2,2,2,2,2,2,2,2,2,2,1,2
235,3,4,2,2,2,2,2,2,1,2,2,2,2,2,2,2,2,2,2,2,1,1
236,3,3,2,3,2,3,3,3,2,3,2,2,1,1,1,2,2,2,2,1,1,1
237,4,4,3,2,2,3,2,2,3,3,2,2,2,1,2,2,2,2,2,1,1,1
238,5,4,3,2,3,3,2,3,2,2,2,2,2,2,2,0,2,2,2,0,1,1
239,4,3,3,3,3,2,3,3,3,3,2,3,2,3,2,2,2,2,2,2,1,1
240,4,3,3,3,3,3,2,3,2,3,2,2,2,2,2,2,1,1,2,2,1,2
241,3,3,4,2,2,3,2,2,2,3,3,3,2,2,2,2,2,0,2,2,1,1
242,3,4,3,2,3,2,2,3,2,2,2,2,1,2,1,2,2,2,1,2,1,1
243,3,4,4,4,3,3,3,2,2,3,3,3,2,2,2,2,2,2,2,2,1,1
244,3,4,3,3,3,3,3,2,2,3,3,2,2,2,2,2,2,1,2,1,1,2
245,1,3,3,3,3,3,2,2,0,2,3,2,2,2,1,0,3,2,2,2,1,1
246,2,4,3,3,1,1,2,2,3,3,2,3,1,1,2,2,2,2,2,2,1,2
247,5,3,4,2,3,3,3,2,0,2,2,2,2,2,1,2,3,2,2,2,1,1
248,3,3,3,4,4,3,2,2,2,2,2,3,2,2,2,2,2,2,2,1,1,1
249,2,2,3,2,1,1,2,3,2,2,1,2,1,2,2,2,2,1,2,1,1,1
250,4,5,3,3,3,2,2,2,2,3,2,2,2,2,2,2,2,2,2,2,1,1
251,3,3,3,3,2,3,2,3,3,2,2,2,1,2,2,2,2,2,2,2,1,1
252,4,2,3,3,3,3,3,2,3,3,2,2,2,2,3,3,3,2,2,2,1,2
253,4,4,3,3,2,2,3,3,2,2,2,2,1,2,2,2,2,2,1,1,1,1
254,4,4,3,3,3,2,3,2,2,2,2,2,2,3,3,2,2,2,2,2,1,1
255,5,4,3,2,3,2,3,3,3,3,2,3,2,2,2,2,2,2,2,2,1,1
256,4,4,3,3,3,2,3,2,2,2,2,2,2,2,2,2,2,2,2,2,1,1
257,4,4,3,3,3,3,2,2,2,3,3,3,2,2,2,2,3,2,1,2,1,2
258,3,3,3,2,2,2,3,2,2,3,2,3,2,2,2,2,2,2,2,2,1,2
259,4,4,3,3,2,2,2,2,2,2,2,3,2,2,2,2,2,2,2,2,1,1
260,3,4,3,3,3,3,3,2,2,3,2,2,2,2,2,2,2,2,2,2,1,1
261,4,3,4,2,1,2,2,2,1,2,2,3,2,1,2,2,2,1,1,0,0,1
262,3,3,2,2,2,2,2,3,2,2,2,2,1,2,2,2,2,1,2,1,1,1
263,3,4,3,2,3,3,2,1,4,2,2,3,2,1,2,2,2,2,2,1,1,1
264,5,1,4,2,3,2,3,2,2,2,1,1,2,2,2,2,2,2,2,2,1,1
265,4,4,1,3,3,3,2,2,2,2,2,3,1,2,2,2,2,3,2,2,1,2
266,3,4,3,2,3,1,1,3,2,2,3,1,2,2,1,1,1,2,1,2,2,1
267,4,4,3,2,3,3,2,2,2,3,2,2,3,1,2,2,2,2,2,2,1,2
268,4,4,3,3,2,3,2,2,2,2,2,2,2,2,2,2,2,1,1,2,1,1
269,5,4,4,3,3,3,3,2,3,3,4,3,2,2,1,2,2,2,2,2,2,2
270,3,3,3,3,3,2,4,2,3,2,2,3,2,2,2,2,2,2,2,2,1,1
271,4,3,3,3,3,3,2,2,2,2,2,2,2,2,2,1,2,2,2,2,1,1
272,4,3,2,2,2,2,2,2,2,2,2,2,2,2,2,2,2,2,2,2,1,1
273,4,3,3,3,2,2,2,2,2,2,2,2,2,2,2,2,2,2,2,2,1,1
274,2,3,2,2,2,2,2,2,2,2,2,2,2,2,2,2,2,1,2,2,1,1
275,4,4,2,2,2,2,2,2,2,2,2,2,2,2,2,1,2,2,2,2,1,0
276,4,3,3,3,3,2,3,2,3,3,3,3,2,2,2,2,2,2,2,2,1,1
277,3,3,2,1,3,2,2,2,2,2,2,3,2,2,2,2,1,2,1,2,0,1
278,4,3,3,3,3,2,3,2,2,2,2,3,2,2,2,2,2,1,2,2,1,1
279,4,3,3,3,3,3,3,3,2,2,3,2,2,2,2,2,2,2,2,2,1,1
280,3,3,3,2,2,3,3,3,1,3,1,2,2,2,2,2,2,2,2,2,1,1
281,5,4,3,2,2,3,2,2,2,2,3,3,2,1,2,2,2,1,2,2,1,2
282,3,3,3,2,3,3,2,2,2,3,2,3,2,2,2,2,2,2,2,2,1,1
283,4,4,4,3,2,2,3,2,3,3,2,3,1,3,3,2,2,1,1,2,1,2
284,3,3,3,3,3,3,2,2,2,2,2,2,2,2,2,2,2,1,2,2,1,1
285,3,3,3,2,3,2,2,2,2,3,2,2,2,2,2,2,2,2,2,1,1,1
286,4,3,2,2,3,4,2,1,3,3,2,2,2,2,1,2,1,2,2,1,1,2
287,3,3,3,2,3,2,3,3,2,3,2,1,2,2,2,2,2,2,2,1,1,1
288,3,4,3,3,3,3,2,2,2,3,2,3,2,3,2,2,2,2,1,2,1,1
289,3,3,3,3,3,3,3,3,2,3,2,3,2,2,2,2,3,2,2,1,1,1
290,4,3,3,2,2,2,2,1,2,3,3,2,2,2,2,2,2,2,2,1,1,1
291,4,3,4,3,4,3,3,2,3,3,3,2,2,2,2,1,2,2,2,2,1,2
292,4,3,2,3,3,3,2,2,2,2,2,4,1,2,2,2,1,2,1,2,1,1
293,4,4,3,2,2,2,3,2,2,2,2,2,2,2,2,2,2,1,1,1,1,1
294,4,3,3,3,3,3,3,2,3,2,2,1,2,2,2,2,1,2,1,2,1,2
295,4,3,4,2,3,2,3,2,2,2,3,3,2,2,2,2,2,2,2,1,1,1
296,3,3,3,2,3,3,3,2,2,2,2,2,2,2,2,2,2,2,2,2,2,1
297,5,3,3,4,3,3,3,2,2,2,2,2,2,2,2,2,2,2,2,2,1,2
298,5,4,2,2,3,2,3,2,3,3,3,3,2,2,2,2,2,1,1,2,1,1
299,4,3,3,2,4,4,3,2,2,3,3,2,2,2,2,2,1,2,2,2,1,2
300,5,3,4,3,3,3,3,2,2,3,3,3,2,2,2,2,2,3,2,2,1,1
301,5,3,4,3,3,4,3,2,2,3,4,3,2,2,2,2,2,2,2,2,1,2
302,3,5,3,2,2,2,2,1,2,2,3,2,2,1,1,1,1,1,1,1,1,0
303,5,3,4,3,3,2,3,2,3,3,3,3,2,2,2,2,4,2,2,2,1,2
304,4,4,3,4,3,3,3,2,2,3,2,2,3,2,3,3,1,2,2,2,1,1
305,4,5,5,3,3,3,3,2,3,3,2,3,2,2,2,2,3,2,2,2,1,1
306,4,3,4,3,3,3,3,2,3,3,2,3,2,2,2,2,2,2,2,2,1,1
307,4,4,3,2,3,2,4,2,2,2,3,3,2,2,2,2,2,2,2,2,1,1
308,4,3,5,2,3,2,2,3,2,3,2,2,2,2,2,2,2,3,2,2,1,2
309,4,3,4,3,3,3,2,3,4,3,3,2,2,2,2,2,2,2,2,2,1,1
310,3,4,4,3,3,2,3,2,2,3,2,3,2,2,2,2,1,2,2,2,0,1
311,5,3,3,2,3,2,2,3,2,3,2,1,3,2,2,2,2,2,2,2,1,1
312,4,4,4,3,2,2,2,3,3,3,3,3,2,2,2,2,2,2,2,2,1,1
313,3,4,3,3,3,2,3,2,2,3,3,2,2,2,2,2,2,2,2,2,0,1
314,5,5,4,4,3,3,5,2,3,3,3,3,2,2,2,2,3,2,2,2,1,0
315,5,4,2,3,2,2,2,2,3,2,3,3,2,2,3,3,2,2,2,2,1,2
316,3,4,3,3,3,3,3,2,3,2,3,3,2,1,2,2,2,2,2,2,1,2
317,4,3,4,3,4,3,3,2,3,4,3,3,1,2,2,2,2,2,2,2,2,1
318,4,3,3,3,3,2,3,2,3,2,3,1,2,1,2,2,2,2,2,2,1,1
319,4,5,3,2,2,2,2,2,2,1,2,2,2,2,2,2,2,1,2,2,1,1
320,5,3,4,2,3,2,3,3,3,2,3,3,2,2,2,2,2,2,1,2,1,1
321,4,4,4,3,3,3,2,3,2,3,3,3,2,2,2,2,2,2,2,1,1,1
322,4,4,4,3,3,2,3,2,3,3,2,2,2,2,2,2,2,2,2,2,1,1
323,3,5,3,3,3,3,3,3,3,3,2,1,1,1,2,2,2,2,1,2,1,1
324,4,3,2,4,3,3,2,2,2,2,3,3,2,2,2,1,2,2,2,2,1,1
325,4,3,3,3,3,3,3,3,3,3,2,2,2,3,2,2,3,2,2,2,1,1
326,4,3,4,4,2,2,2,2,2,4,3,2,2,3,3,2,2,2,1,2,1,1
327,4,3,4,3,3,3,2,3,2,2,3,3,2,2,1,2,2,3,2,2,1,1
328,4,4,6,2,3,3,3,3,3,3,3,3,1,2,2,3,2,3,2,2,1,1
329,5,4,4,3,3,3,3,2,3,3,2,3,2,2,2,2,2,2,2,2,1,1
330,5,3,4,3,3,3,2,2,3,2,3,2,2,2,2,2,2,2,3,2,0,2
331,4,4,3,4,3,2,2,2,2,3,2,3,2,2,2,2,2,2,3,2,1,1
332,4,3,4,3,3,4,2,2,2,3,3,2,2,2,2,2,2,2,2,2,1,1
333,5,5,4,3,3,3,3,3,2,3,2,3,2,3,2,2,3,2,2,2,1,1
334,5,4,3,3,3,4,3,2,3,3,2,3,2,3,2,2,2,3,2,2,1,2
335,7,4,4,3,3,2,2,2,2,3,3,3,2,2,1,3,2,2,2,2,1,2
336,2,3,3,3,3,2,3,2,2,2,1,3,2,1,1,1,2,2,2,2,1,1
337,4,4,3,4,3,1,4,2,2,3,3,2,2,2,2,2,2,2,2,2,1,1
338,4,4,3,3,3,2,3,2,2,3,3,3,2,2,2,2,3,2,2,2,1,2
339,4,2,2,2,1,2,3,2,1,2,2,3,1,1,0,2,1,1,1,2,1,1
340,5,4,4,3,3,3,4,2,3,3,2,3,2,2,2,2,2,2,2,2,1,2
341,4,3,4,4,4,2,3,3,3,2,3,3,2,2,2,3,2,1,2,2,1,1
342,3,5,3,3,3,3,3,3,3,3,3,2,2,2,1,2,2,1,2,2,1,1
343,5,3,4,3,3,3,3,2,3,3,2,3,2,2,2,2,3,2,2,0,1,1
344,3,4,2,1,2,2,2,2,2,2,2,2,2,2,2,3,2,1,2,2,1,1
345,4,4,4,4,3,4,3,2,3,3,2,3,3,2,2,2,3,2,2,2,1,2
346,6,3,3,3,3,3,3,2,3,3,2,2,2,2,2,2,2,2,2,2,1,1
347,3,3,3,2,3,2,2,3,2,2,2,2,2,2,1,2,3,2,2,2,1,1
348,4,4,3,3,2,3,3,1,3,3,3,3,1,2,2,2,2,2,2,2,1,2
349,4,3,2,3,4,3,3,3,2,3,4,2,1,1,2,2,2,2,2,2,1,1
350,2,4,2,2,2,1,2,2,2,2,2,2,2,2,2,2,2,2,2,2,0,1
351,4,4,4,3,1,2,2,1,2,2,0,3,1,2,0,0,2,1,1,0,1,1
352,4,4,3,3,2,2,4,2,2,3,2,3,2,1,1,2,1,2,2,2,1,0
353,4,4,2,1,3,2,3,2,2,2,1,3,2,2,2,2,2,2,3,2,1,1
354,5,1,4,3,3,3,4,2,2,3,2,3,1,2,1,2,3,2,2,2,2,1
355,5,4,3,3,2,2,3,2,3,3,3,2,2,2,2,2,3,1,2,1,1,2
356,5,3,3,2,4,2,3,3,2,2,2,2,3,2,2,2,2,2,2,2,1,1
357,3,2,3,3,3,3,2,3,1,2,2,2,2,2,2,2,2,1,2,2,1,1
358,5,4,3,3,3,2,3,2,3,3,3,3,2,3,2,2,3,2,2,2,1,1
359,5,4,3,4,3,3,3,2,2,2,2,3,2,2,2,2,2,2,2,2,1,1
360,4,4,3,3,3,2,3,3,2,3,2,2,2,1,1,2,2,1,2,2,2,1
361,4,3,3,2,2,3,3,2,2,3,2,3,3,2,2,2,2,2,2,2,1,1
362,4,3,3,3,3,2,3,3,3,3,2,3,2,2,2,2,2,2,2,2,1,2
363,5,4,2,2,3,3,3,3,2,3,3,3,2,2,2,2,2,1,2,2,1,0
364,4,5,3,3,3,3,2,2,3,2,3,3,2,2,2,2,1,2,2,2,1,2
365,6,4,4,3,3,3,3,2,3,3,2,2,2,2,2,2,2,2,2,2,1,1
366,4,4,4,3,3,3,2,1,2,2,3,3,3,1,2,2,2,2,2,2,1,2
367,3,4,3,3,3,3,3,2,2,3,2,2,2,2,2,2,2,2,2,2,1,1
368,4,4,2,3,3,4,3,2,3,3,2,4,2,2,2,2,2,3,2,2,1,1
369,4,3,3,2,4,2,2,3,2,2,2,3,2,2,2,2,2,2,2,2,1,1
370,5,4,4,3,3,3,2,2,3,3,2,3,2,2,2,2,2,2,2,2,1,1
371,3,4,2,2,3,2,2,2,2,2,2,1,2,1,2,2,1,1,2,2,1,1
372,5,3,5,4,4,3,2,2,3,3,3,2,2,2,3,1,2,1,2,2,1,1
373,4,2,4,2,3,3,3,2,2,2,3,3,2,3,2,2,3,2,3,2,1,1
374,3,3,2,3,2,2,2,2,2,2,2,2,1,2,1,2,1,1,2,2,1,1
375,4,3,3,3,2,3,3,2,2,1,3,2,2,2,2,2,1,1,2,2,1,1
376,4,2,2,3,2,2,2,2,1,2,2,2,2,2,2,2,2,2,2,2,1,1
377,3,3,2,2,3,2,2,2,2,1,2,2,2,0,2,2,2,1,1,1,1,1
378,3,3,2,2,2,2,2,2,2,2,2,2,2,2,1,2,2,1,2,1,1,1
379,3,3,3,3,2,3,3,3,2,2,2,3,2,2,2,2,2,2,1,2,1,1
380,4,3,2,3,3,2,2,2,3,3,2,3,1,2,2,2,2,2,2,2,1,1
381,3,3,2,2,3,3,2,2,2,2,2,3,2,2,2,2,2,2,2,2,1,1
382,3,3,2,2,2,2,2,2,2,2,2,2,2,1,2,2,2,1,1,1,1,1
383,4,3,3,3,3,2,3,2,3,3,2,2,2,2,2,2,2,2,2,2,1,1
384,3,2,3,3,3,2,3,1,2,2,2,2,2,1,2,1,2,2,2,1,1,1
385,1,2,3,2,2,1,2,2,2,2,2,2,2,1,2,2,2,1,2,1,1,1
386,2,3,2,2,4,2,2,2,2,3,2,2,2,1,1,2,2,1,1,1,1,1
387,3,3,3,2,3,2,2,3,2,3,2,3,2,2,2,2,2,1,2,2,1,1
388,3,5,2,2,2,2,2,2,2,2,2,2,1,1,2,2,2,1,1,2,1,1
389,4,3,4,3,3,2,3,2,3,3,3,3,2,2,2,2,2,2,2,2,1,1
390,3,5,2,3,3,3,3,3,2,2,2,2,2,2,1,2,2,2,2,2,1,0
391,5,3,3,3,3,3,4,2,3,3,2,3,2,2,2,2,3,2,2,2,1,2
392,5,3,3,2,3,2,3,2,2,2,2,2,1,2,2,3,2,2,2,2,1,1
393,4,4,3,2,2,2,2,2,2,2,2,3,2,2,2,2,2,2,2,2,1,1
394,3,3,3,3,2,2,2,2,2,2,3,2,2,2,2,2,2,2,2,2,1,1
395,3,3,3,3,2,2,2,2,2,2,2,2,2,2,2,2,2,2,2,2,1,1
396,4,3,3,2,3,2,3,2,3,2,2,3,2,2,2,2,2,2,2,2,1,1
397,4,5,2,2,2,3,2,2,3,3,2,2,2,2,3,2,2,2,2,1,1,1
398,4,5,2,3,3,2,2,2,3,3,2,2,2,2,2,2,2,2,2,2,1,1
399,4,4,3,3,3,3,3,2,2,3,2,3,2,3,2,2,2,2,2,2,1,2
400,4,3,2,2,3,3,3,2,2,3,3,2,3,2,2,2,2,1,2,1,1,1
401,2,4,2,3,2,2,2,2,2,2,2,2,1,3,2,2,2,2,2,1,1,1
402,4,3,2,3,3,2,2,2,2,2,2,3,2,2,1,2,2,2,2,2,1,1
403,3,3,2,2,3,2,2,2,2,2,2,2,1,2,1,1,2,1,1,2,1,1
404,2,3,3,2,3,2,2,2,2,2,3,2,2,2,2,2,2,1,2,2,1,1
405,4,4,3,2,2,2,2,2,3,2,3,2,2,2,2,2,2,2,2,1,1,1
406,3,4,2,2,3,3,2,2,2,3,2,2,2,2,2,2,2,2,2,2,1,1
407,4,3,3,3,3,2,2,0,3,2,2,2,1,1,2,2,2,2,2,2,1,1
408,4,3,3,3,3,3,3,2,2,2,3,3,2,2,2,2,2,2,2,2,1,1
409,4,3,2,2,2,3,3,3,2,2,2,2,2,2,2,2,2,2,2,2,1,1
410,2,3,3,3,2,2,2,2,2,2,2,2,2,2,2,2,2,1,2,2,1,1
411,4,2,3,3,3,2,3,2,3,2,2,3,2,2,2,2,2,2,2,2,1,1
412,2,3,2,1,2,2,2,2,2,2,1,2,2,1,2,2,1,1,1,1,1,1
413,4,3,2,3,3,2,2,2,2,2,2,2,2,2,2,2,2,2,2,1,1,1
414,3,3,3,3,3,2,2,2,2,2,2,2,2,2,1,2,2,2,2,2,1,1
415,4,4,4,3,3,2,2,2,2,3,2,3,2,2,2,2,2,2,2,2,1,1
416,4,3,4,3,3,3,3,2,2,2,2,3,3,3,2,2,1,2,2,2,1,2
417,3,3,3,3,2,2,3,2,2,2,2,2,2,2,2,2,3,2,2,2,1,1
418,3,3,3,2,2,3,2,2,2,2,2,3,2,2,2,2,2,2,2,2,1,1
419,3,3,3,2,3,2,3,3,2,3,2,2,2,2,2,2,2,2,2,2,1,1
420,4,3,3,2,4,2,2,2,3,2,2,2,2,2,2,2,2,2,2,2,1,1
421,4,2,2,3,3,3,3,2,2,2,2,2,2,2,2,2,2,2,2,2,1,1
422,3,4,2,3,2,2,3,2,2,3,2,2,1,2,2,2,2,2,2,2,1,1
423,4,3,3,2,1,2,3,2,1,2,1,3,1,2,1,3,2,2,2,2,1,1
424,4,3,2,2,3,3,3,2,1,2,1,2,2,2,2,2,2,1,2,2,1,1
425,4,3,2,3,3,3,3,2,2,2,2,3,2,2,2,2,2,1,1,2,1,1
426,4,3,3,3,3,3,2,2,2,2,2,2,2,2,1,2,2,1,2,2,1,1
427,4,3,2,2,2,1,2,2,2,2,2,2,2,2,2,2,2,2,2,1,1,1
428,3,4,3,2,3,2,3,3,2,2,3,3,2,2,2,2,2,2,2,2,1,1
429,4,3,2,3,2,3,2,2,2,2,2,3,2,2,2,2,2,2,2,2,1,1
430,4,4,3,3,2,2,2,2,2,2,2,3,2,2,2,2,2,2,2,2,1,1
431,4,3,4,3,3,3,3,3,2,3,2,2,2,2,2,2,2,2,1,2,1,2
432,3,3,3,2,2,2,2,2,2,2,2,2,3,2,2,2,2,2,2,2,1,1
433,3,3,2,3,3,4,4,2,2,2,3,3,2,2,1,2,2,1,2,2,1,1
434,4,4,3,2,3,2,2,3,2,2,2,2,2,2,2,2,2,1,2,2,1,2
435,4,3,4,2,3,2,3,2,2,3,2,2,2,1,2,2,2,2,2,2,1,1
436,4,3,3,2,3,3,3,2,2,2,2,2,1,1,2,2,2,2,2,2,1,1
437,3,3,3,3,3,4,2,2,2,3,2,2,2,2,2,2,2,1,1,2,1,1
438,3,4,3,4,2,2,2,1,3,2,2,2,1,1,2,2,2,1,2,2,1,1
439,3,0,3,3,3,2,2,2,2,2,2,2,2,2,2,2,2,2,2,2,1,1
440,4,2,4,3,3,3,2,3,3,1,2,3,2,1,2,2,2,1,2,1,1,1
441,4,3,3,3,2,3,3,2,2,3,3,2,2,2,2,2,2,2,2,2,1,1
442,2,3,2,3,3,3,2,2,2,2,1,2,2,1,2,2,2,2,3,2,1,1
443,4,3,3,3,3,3,2,2,3,2,3,2,2,2,2,2,2,2,2,2,1,1
444,4,3,4,3,2,2,3,2,3,2,2,3,2,2,2,2,2,2,2,1,1,1
445,3,3,2,3,2,1,2,2,3,2,1,2,1,1,2,2,2,1,2,2,1,1
446,3,3,2,2,3,2,4,2,3,3,2,2,2,2,2,2,2,1,1,2,1,1
447,3,2,3,2,2,2,2,2,2,2,2,2,2,2,2,2,2,1,2,1,1,1
448,4,3,2,3,2,2,3,3,3,2,4,3,2,2,2,2,2,2,2,1,1,1
449,3,4,2,2,2,3,3,1,2,2,2,2,2,2,2,2,2,1,2,2,1,1
450,3,4,4,3,3,3,3,2,2,3,2,3,2,2,2,2,3,3,2,2,1,1
451,4,4,3,3,2,4,3,2,2,3,2,3,2,2,1,2,2,2,2,2,1,1
452,4,3,3,3,3,2,2,2,1,2,2,2,2,1,1,2,2,2,2,2,1,1
453,4,2,3,2,3,3,3,2,3,3,2,3,2,3,2,2,2,2,2,1,1,0
454,4,3,2,4,2,2,2,2,3,2,3,2,2,1,1,2,2,2,2,1,1,1
455,3,4,2,2,2,2,2,2,2,2,2,2,2,2,2,2,2,2,2,2,1,1
456,4,2,3,2,3,3,2,2,2,2,2,2,2,2,2,2,2,2,2,2,1,1
457,3,3,3,2,2,2,2,2,2,2,2,2,1,1,2,2,2,1,2,1,1,1
458,2,3,3,1,3,1,2,3,2,2,2,2,2,2,3,2,2,2,2,2,1,2
459,4,3,3,3,1,3,2,2,2,2,2,2,1,2,2,2,2,1,2,2,1,1
460,2,2,4,3,4,4,3,2,3,3,2,3,2,2,3,2,2,1,2,2,1,1
461,2,3,3,2,3,3,2,2,1,3,2,2,2,2,2,2,2,2,2,2,1,1
462,3,4,3,3,3,2,2,2,3,3,3,3,1,1,2,2,2,2,1,1,1,1
463,4,3,2,3,2,2,3,2,2,2,2,2,3,2,2,2,1,2,2,1,1,1
464,3,2,2,3,2,1,2,2,2,2,1,2,1,1,1,1,1,1,2,2,1,1
465,3,3,3,2,4,2,2,1,2,2,2,2,2,1,3,2,2,2,2,2,1,1
466,3,4,2,3,3,2,1,1,2,2,2,2,1,2,0,1,2,1,2,0,1,1
467,3,2,3,2,3,2,2,2,1,2,1,1,2,1,2,2,1,2,2,1,1,1
468,3,4,2,2,3,2,3,2,2,1,1,2,2,1,2,2,2,1,2,1,1,1
469,3,0,3,2,3,2,3,2,2,3,2,3,2,2,2,2,2,2,2,2,1,1
470,4,3,4,3,3,4,5,2,3,2,2,2,2,2,2,2,2,2,2,2,1,1
471,4,3,3,3,3,2,2,2,3,3,3,3,2,2,2,2,2,2,2,2,1,1
472,4,4,2,2,2,2,2,2,2,3,2,2,2,2,2,2,2,2,2,2,1,1
473,3,4,2,3,2,2,2,2,2,2,3,3,2,2,2,2,2,2,2,2,1,1
474,3,3,4,3,3,3,3,2,2,2,2,2,2,2,2,2,2,1,1,2,1,1
475,3,3,2,2,3,2,2,2,1,2,2,3,2,2,2,2,2,2,2,1,1,1
476,4,3,2,2,3,3,2,2,2,2,2,2,2,2,1,2,2,1,2,1,1,1
477,4,4,2,2,3,3,3,2,2,3,2,3,2,2,2,2,1,2,1,1,1,1
478,4,4,3,3,2,2,3,2,2,3,2,3,2,2,2,2,2,2,2,2,1,2
479,4,2,3,2,3,2,3,2,2,3,2,2,2,2,2,2,2,2,2,2,1,1
480,4,3,2,3,2,2,1,3,3,2,2,2,1,1,2,2,2,1,1,1,1,1
481,4,4,3,4,2,2,2,3,2,2,2,1,2,2,2,2,3,2,2,2,1,1
482,4,3,3,3,3,4,3,3,2,2,2,3,3,2,1,1,2,2,2,2,1,1
483,3,3,2,3,2,2,3,2,2,3,2,3,2,2,2,2,2,1,2,2,1,1
484,3,2,4,2,5,3,2,2,2,2,2,2,1,2,2,3,2,2,2,2,1,1
485,2,4,3,3,2,2,2,2,2,2,2,1,2,1,2,2,2,1,2,1,1,1
486,4,4,3,3,3,2,5,2,2,2,3,3,2,2,2,2,2,2,2,2,1,2
487,4,4,3,2,2,2,3,2,2,2,2,3,2,2,1,3,2,2,2,2,1,1
488,5,3,2,2,1,1,2,2,3,3,2,3,1,2,2,2,2,2,1,2,1,1
489,3,2,2,2,2,2,2,1,2,2,2,3,2,1,2,2,2,2,2,2,1,1
490,2,3,4,2,2,1,2,2,3,2,2,2,2,2,2,2,2,1,2,1,0,1
491,3,3,2,3,2,2,3,2,2,3,2,2,1,1,1,2,2,1,2,2,1,0
492,5,3,2,3,3,2,2,2,2,2,3,2,2,2,2,2,2,2,2,2,1,1
493,3,4,2,3,2,2,3,2,2,2,2,2,2,2,2,2,2,2,2,2,1,1
494,3,3,3,2,3,2,3,2,2,3,2,2,2,2,2,3,2,2,1,2,1,1
495,3,3,2,3,3,2,2,2,2,2,2,2,2,2,2,2,3,2,2,2,1,1
496,3,3,3,2,2,2,2,2,2,2,2,2,2,2,2,2,2,1,2,1,1,1
497,3,3,3,2,2,2,2,2,2,2,2,2,2,2,2,2,2,1,2,2,1,1
498,3,3,2,2,2,2,2,2,2,3,2,2,2,2,2,2,2,2,2,1,1,1
499,4,4,2,3,2,3,3,2,2,2,2,2,2,2,2,2,2,2,2,2,1,1
500,3,3,3,2,3,2,4,2,3,2,2,3,2,2,2,2,2,2,2,2,1,1
501,4,4,3,2,3,2,2,2,2,2,1,2,2,1,2,2,2,1,2,1,1,1
502,5,2,4,2,4,3,2,2,3,2,2,2,2,2,3,2,2,2,2,2,1,1
503,3,3,2,2,2,2,2,3,2,2,2,2,2,1,1,2,2,2,2,2,1,1
504,3,3,3,2,3,2,2,2,2,2,2,2,1,1,2,2,1,1,1,1,1,1
505,4,3,2,2,3,2,2,2,2,2,2,2,2,2,2,2,2,1,2,2,1,1
506,3,4,2,2,2,2,2,2,2,2,2,2,2,2,2,2,2,2,2,2,1,1
507,4,3,2,3,3,2,2,3,2,3,2,3,2,2,2,2,2,2,2,2,1,1
508,4,3,3,2,3,3,3,2,2,2,2,3,2,1,2,2,2,2,2,2,1,1
509,4,3,3,3,3,2,3,2,2,2,2,2,2,2,2,2,2,2,2,2,1,1
510,2,3,2,2,3,2,1,2,1,2,2,2,1,1,1,1,2,1,1,0,1,1
511,5,3,4,3,3,3,3,3,2,3,3,3,2,2,2,2,3,2,2,2,1,1
512,3,3,2,3,2,2,2,3,2,2,2,2,1,1,2,1,1,1,2,1,1,1
513,5,4,3,2,3,3,2,2,3,2,2,3,2,2,2,2,2,2,1,2,1,1
514,4,4,4,3,2,3,3,2,3,3,2,3,2,2,2,2,2,2,2,3,1,2
515,4,4,3,3,3,2,2,2,3,2,2,2,2,2,2,2,2,2,2,2,1,1
516,3,3,3,2,2,2,2,1,2,2,2,3,2,2,1,2,2,2,2,2,1,1
517,4,3,3,3,3,2,3,2,2,3,2,3,2,1,2,2,2,2,2,1,1,1
518,4,4,3,3,3,2,3,2,3,2,3,1,2,2,2,2,2,2,2,1,1,1
519,4,4,2,2,3,2,1,2,2,2,2,2,2,2,2,1,2,2,1,2,1,1
520,4,3,3,3,3,3,3,2,2,2,2,2,2,2,2,2,2,2,2,2,1,1
521,4,3,3,3,3,3,2,3,3,3,2,2,2,2,2,2,2,2,2,2,1,2
522,4,3,3,3,3,3,3,2,3,2,2,2,2,2,2,2,2,2,2,2,1,1
523,4,3,4,3,3,2,3,2,3,3,2,3,2,2,2,2,2,2,2,2,1,1
524,4,3,2,2,3,3,2,2,1,3,3,3,2,2,2,2,2,1,2,2,1,2
525,3,3,3,2,2,2,2,2,2,2,2,2,2,2,1,2,2,1,2,2,1,1
526,4,4,3,2,3,3,2,2,3,3,2,2,3,2,2,2,2,1,2,2,1,1
527,4,4,4,3,3,3,3,2,2,3,1,3,2,2,2,2,2,2,2,2,1,1
528,3,3,2,3,3,3,2,2,2,3,2,2,2,2,2,2,1,1,2,2,1,1
529,4,4,3,2,3,2,2,2,3,2,2,2,2,2,1,2,2,1,2,1,1,1
530,3,3,2,3,3,3,2,2,2,2,2,2,2,2,2,2,2,2,2,2,1,1
531,3,4,2,2,2,2,2,3,2,2,2,2,2,1,2,2,2,2,2,1,1,1
532,4,4,3,0,3,3,2,3,2,2,2,2,2,2,2,2,2,2,2,2,1,1
533,5,3,2,3,3,3,2,3,3,3,3,2,2,2,2,2,3,2,2,2,1,1
534,4,3,3,3,3,3,3,2,2,3,2,2,2,2,1,2,2,2,2,2,1,1
535,4,3,3,2,2,3,3,3,2,2,1,2,1,1,2,2,2,2,2,2,1,2
536,4,5,4,3,3,4,3,2,2,2,2,3,2,2,2,2,2,2,2,2,1,1
537,4,3,4,2,3,3,2,3,3,3,3,3,2,2,2,2,2,2,2,2,1,1
538,4,3,3,2,3,1,2,2,2,2,3,3,1,2,1,2,2,2,2,2,1,1
539,4,4,4,3,3,3,3,2,1,3,3,3,2,2,3,2,2,2,2,2,1,2
540,4,4,2,3,4,3,3,3,3,2,2,2,1,2,1,2,1,2,2,2,1,1
541,3,4,2,2,3,2,2,2,2,2,2,3,1,2,1,2,2,2,2,2,1,1
542,4,3,3,3,3,3,4,1,2,2,2,2,2,3,2,2,2,2,2,2,1,2
543,3,4,2,3,2,2,3,2,2,2,2,3,2,2,2,2,2,2,2,2,1,1
544,4,4,2,2,2,2,2,2,3,2,2,3,2,2,2,2,2,2,2,2,1,1
545,4,4,4,3,4,4,3,2,3,2,3,2,2,2,2,2,1,2,2,2,1,1
546,4,4,3,2,3,3,2,2,2,2,2,2,2,2,2,2,2,2,2,2,1,1
547,3,3,2,2,3,3,2,2,2,2,2,2,2,2,2,2,2,2,1,2,1,2
548,5,4,2,2,3,2,2,3,3,2,2,1,2,2,2,2,2,1,2,1,1,1
549,5,3,2,2,3,2,3,2,2,3,2,3,2,2,1,2,2,1,2,1,1,1
550,4,3,2,2,3,3,3,3,3,2,2,2,2,2,2,2,2,2,2,2,1,1
551,4,4,3,4,3,2,3,2,2,4,2,2,2,2,2,2,2,2,3,2,1,2
552,3,3,4,3,3,2,2,2,2,3,3,3,1,2,2,2,2,2,2,1,1,1
553,4,3,3,2,3,2,2,2,2,3,2,3,2,2,2,2,2,2,2,2,1,1
554,4,4,3,3,2,3,2,2,1,1,2,2,2,2,1,2,2,1,3,1,1,1
555,4,4,3,2,3,2,2,3,2,2,2,3,2,2,1,2,2,2,2,2,1,2
556,4,4,3,3,2,3,2,2,2,3,3,2,2,1,2,2,2,2,1,2,1,1
557,4,4,3,3,3,2,3,2,2,3,3,2,2,2,2,2,2,2,2,2,1,1
558,2,4,2,2,3,2,2,2,2,2,2,2,2,2,1,2,2,1,2,1,1,2
559,4,4,3,3,3,3,3,2,3,3,3,2,2,1,2,2,2,2,2,2,1,2
560,4,3,3,2,2,3,2,2,2,2,2,2,2,2,2,1,2,2,2,1,1,2
561,4,3,3,3,2,4,3,2,3,3,2,3,2,2,2,2,2,2,2,2,1,1
562,4,3,3,4,3,3,3,2,2,3,2,2,2,2,2,2,3,2,2,2,1,1
563,4,5,3,3,3,2,2,2,3,1,2,3,2,2,1,2,2,2,1,2,1,1
564,5,4,3,3,3,3,3,2,3,2,2,3,2,2,2,2,2,3,2,2,1,1
565,5,3,4,2,2,3,2,2,2,2,2,2,2,1,2,3,2,2,2,2,1,1
566,4,3,3,3,2,2,3,3,3,2,2,3,2,2,2,2,2,2,2,2,1,1
567,4,4,3,2,3,2,2,2,2,2,2,3,2,2,1,2,2,2,2,2,1,1
568,3,3,2,3,3,4,3,3,3,3,3,3,2,2,2,2,2,2,2,2,1,1
569,4,4,4,3,2,3,3,3,2,2,2,3,2,2,2,2,2,2,2,1,1,1
570,4,4,4,3,3,3,3,2,3,4,2,3,2,3,2,2,2,2,2,2,1,1
571,4,3,3,3,3,3,4,2,2,3,2,3,2,2,2,2,2,2,2,2,1,1
572,3,3,3,2,2,2,2,3,1,2,2,2,2,2,2,2,1,1,2,1,1,2
573,4,3,3,3,3,2,3,2,3,2,2,2,2,2,2,2,2,2,2,2,1,1
574,4,4,4,3,3,3,2,2,2,2,2,2,2,2,2,2,3,2,2,2,1,1
575,4,3,4,3,3,3,3,2,3,3,2,3,2,2,2,2,2,2,2,2,1,1
576,4,5,3,3,3,3,3,3,3,2,3,3,2,2,2,2,2,2,2,2,1,1
577,4,4,3,4,3,3,4,2,4,3,2,2,3,2,2,2,3,2,2,2,1,1
578,4,3,3,2,3,3,3,2,2,2,2,2,1,2,2,2,2,1,2,2,1,1
579,3,4,3,2,3,2,3,2,2,3,3,3,2,2,1,2,2,2,2,2,2,1
580,3,3,3,3,3,2,2,2,2,3,2,2,2,2,1,2,2,2,1,2,1,1
581,4,4,3,2,2,3,2,2,3,2,2,3,2,2,2,2,2,1,2,2,1,1
582,5,3,4,4,3,3,3,2,3,3,3,3,2,2,3,2,3,2,2,2,1,1
583,3,4,3,3,2,3,3,2,3,2,2,3,2,1,2,2,2,1,2,2,1,1
584,4,3,3,2,3,2,2,3,2,2,3,3,2,2,2,2,2,2,2,2,1,1
585,4,3,3,3,3,2,3,2,2,2,3,3,1,2,2,2,2,2,2,2,1,1
586,5,5,3,3,3,3,2,2,3,3,2,2,2,2,2,2,2,2,2,2,1,1
587,4,5,2,2,2,2,2,3,2,2,2,2,2,2,1,2,2,1,2,1,1,1
588,5,4,4,3,4,4,3,3,2,3,2,3,2,2,2,2,2,2,2,2,1,2
589,4,3,3,3,3,3,3,2,3,2,2,3,3,1,2,2,2,2,2,2,1,2
590,4,3,2,3,3,2,3,3,2,2,2,2,2,2,2,2,2,2,2,2,1,1
591,3,5,3,3,2,2,3,3,2,2,2,2,2,2,2,2,2,2,2,2,1,2
592,4,4,2,3,3,3,3,2,2,3,2,3,2,2,2,2,3,2,2,3,1,1
593,4,4,3,3,2,2,2,2,2,2,3,3,2,2,2,2,2,2,2,2,1,1
594,5,4,3,3,2,3,3,2,2,3,2,3,2,2,2,2,2,2,2,1,1,2
595,4,4,2,3,3,3,3,2,2,2,3,2,2,1,2,2,2,1,2,2,1,1
596,4,4,3,2,3,3,2,2,2,3,3,3,2,2,2,2,2,1,2,2,1,1
597,4,4,3,3,3,3,3,2,2,2,3,3,2,2,2,2,2,1,2,2,1,1
598,4,3,2,2,3,2,3,2,2,2,2,2,1,2,2,2,2,2,2,2,1,2
599,4,4,3,2,2,2,3,2,2,2,2,2,2,2,2,2,2,2,2,2,1,1
600,4,3,3,2,3,2,2,2,2,2,2,3,2,2,2,2,2,2,2,2,1,1
601,4,3,4,2,3,3,2,2,2,3,2,3,1,2,2,2,2,2,2,2,1,1
602,3,3,3,2,2,2,2,2,2,3,2,2,1,2,2,2,2,1,2,2,1,1
603,3,5,3,3,3,2,2,2,2,2,2,2,2,2,2,2,2,2,2,2,1,1
604,5,3,3,3,3,2,3,2,2,2,2,3,2,2,2,2,2,2,3,2,1,1
605,3,3,3,3,3,3,3,2,3,3,2,3,2,2,2,2,3,2,2,2,1,1
606,4,4,3,3,2,2,2,2,2,2,2,3,2,1,2,2,2,2,2,2,1,1
607,3,3,4,3,3,3,2,2,2,3,2,2,2,2,2,2,2,2,2,2,1,1
608,4,4,4,2,3,3,2,3,2,2,2,3,2,2,2,2,2,2,3,2,1,1
609,4,3,3,2,3,3,3,2,2,3,2,2,2,2,2,2,2,2,2,2,1,1
610,4,3,3,3,3,3,3,2,3,3,2,3,2,2,2,2,2,2,1,2,1,1
611,4,5,2,2,3,2,2,2,3,2,2,2,2,2,1,2,1,2,1,2,1,1
612,5,4,4,3,3,3,3,2,2,3,2,2,2,2,2,2,2,1,2,2,1,1
613,4,3,4,3,3,3,2,3,2,2,2,3,2,2,1,2,2,2,2,2,1,1
614,4,4,3,2,2,3,3,2,1,2,2,2,2,2,1,2,2,1,2,2,1,1
615,4,3,3,3,3,3,3,3,2,3,2,1,3,2,2,2,2,2,2,1,1,1
616,4,4,3,3,3,3,3,2,2,2,2,2,3,2,2,2,2,2,2,2,1,2
617,4,3,3,3,3,3,2,2,2,2,2,2,2,1,2,2,2,2,2,2,1,1
618,4,3,3,3,3,2,3,3,3,2,2,1,1,1,1,2,2,2,2,1,1,1
619,4,4,2,2,2,2,2,3,2,2,2,2,2,2,2,2,2,1,2,1,1,1
620,3,3,3,3,3,3,3,2,2,2,2,2,2,2,2,2,3,2,1,2,1,1
621,5,5,3,2,3,3,3,3,2,2,2,3,2,2,2,2,3,2,2,2,1,1
622,3,4,3,3,3,4,3,2,3,2,3,3,2,2,2,2,2,2,2,2,1,1
623,5,4,2,3,3,4,3,3,3,2,2,2,2,2,1,2,2,2,2,2,1,1
624,6,5,3,3,4,3,3,2,2,3,3,3,2,2,2,3,2,2,2,2,1,2
625,4,4,3,3,3,3,3,2,2,3,3,2,3,2,2,2,2,2,2,2,1,1
626,5,4,4,3,3,5,3,3,3,3,2,3,2,2,2,3,3,2,2,2,1,2
627,4,4,3,3,3,3,2,2,2,3,3,3,2,2,2,2,2,3,2,2,0,1
628,4,4,4,4,3,3,2,3,3,2,3,3,2,2,2,3,2,2,2,2,1,2
629,4,4,3,3,3,3,3,2,2,2,3,2,2,2,2,2,2,2,2,2,1,1
630,5,4,3,4,3,3,3,2,3,3,2,2,3,2,2,2,2,2,3,2,1,1
631,3,4,3,2,2,2,2,2,2,2,3,2,1,1,2,2,2,1,2,1,1,1
632,5,4,3,3,3,2,3,2,2,2,3,2,2,2,3,2,2,2,2,2,1,1
633,4,2,2,3,2,2,2,2,3,2,3,3,1,2,2,2,2,2,2,2,1,1
634,3,3,3,3,2,2,2,2,2,2,2,3,2,2,2,2,2,2,1,2,1,1
635,5,4,3,3,4,3,3,3,2,3,3,3,1,2,2,2,2,2,2,2,1,1
636,4,3,3,2,3,2,3,2,2,3,2,3,2,2,2,2,2,2,2,2,1,1
637,4,4,4,3,3,3,2,2,3,3,2,3,2,2,2,2,2,2,2,2,1,1
638,4,3,3,3,3,2,2,2,2,2,2,2,2,1,1,2,2,2,2,2,1,1
639,3,4,4,3,3,3,3,2,3,2,2,2,2,2,1,2,2,1,2,2,1,2
640,4,2,4,3,2,3,3,2,3,3,3,3,2,2,2,2,3,2,2,1,1,1
641,4,4,3,3,2,3,2,3,3,3,2,2,2,2,2,2,2,2,2,2,1,1
642,4,2,3,3,3,3,2,2,3,2,2,2,2,2,2,2,2,2,1,2,1,1
643,4,4,2,2,3,2,3,2,2,2,3,3,2,1,2,2,2,2,2,2,1,1
644,4,3,4,3,3,3,3,2,3,3,3,3,2,2,2,2,3,2,1,2,1,1
645,4,4,2,3,3,2,3,2,2,2,2,2,2,2,2,2,2,2,2,1,1,2
646,4,3,3,3,3,3,2,3,2,2,3,3,2,2,2,2,2,2,2,2,1,1
647,4,4,4,2,3,2,2,3,2,2,2,3,1,2,1,2,3,2,2,1,1,1
648,5,3,3,4,3,3,4,2,2,3,3,3,2,2,2,2,2,2,2,2,1,2
649,4,4,3,2,3,2,3,3,2,2,3,3,2,2,2,2,2,2,2,2,1,1
650,5,5,3,2,2,3,3,2,3,3,2,3,2,1,2,2,2,2,2,2,1,1
651,5,3,4,3,3,3,3,3,3,3,2,3,2,2,2,2,2,2,2,2,1,1
652,5,4,4,3,3,3,2,2,2,2,3,3,2,3,2,2,2,2,2,2,1,2
653,5,3,4,3,3,4,4,2,3,3,3,3,2,2,2,3,2,2,2,2,1,1
654,4,3,4,3,3,3,3,3,2,2,3,2,2,2,2,2,3,2,2,2,1,1
655,5,5,4,2,3,3,2,2,3,2,2,2,2,2,2,2,2,1,2,3,1,2
656,5,3,3,2,4,3,2,2,3,2,3,3,2,3,2,3,3,1,2,2,1,1
657,4,3,2,2,3,3,2,2,2,3,3,3,2,2,1,3,2,2,2,2,1,1
658,4,3,4,3,3,2,2,2,2,2,2,3,1,2,1,2,2,2,2,2,1,1
659,3,3,3,2,2,3,3,2,2,2,2,3,2,2,2,2,2,2,2,2,1,1
660,4,4,3,2,3,2,3,2,3,2,2,4,1,2,2,2,2,2,2,2,1,1
661,4,3,3,3,4,3,4,3,3,3,2,3,2,2,2,2,3,1,2,2,1,1
662,4,4,3,2,3,2,2,2,2,2,3,2,1,2,2,2,2,1,2,2,1,1
663,5,4,4,4,4,4,3,2,2,3,3,4,2,2,2,2,3,2,2,2,1,2
664,3,5,3,2,3,3,3,2,2,2,2,3,1,2,2,2,2,2,2,1,1,1
665,4,4,3,3,3,3,3,2,2,3,3,3,2,2,2,2,2,1,2,3,1,1
666,3,3,2,3,2,3,3,3,2,2,2,3,2,2,2,2,2,2,2,2,1,1
667,4,3,3,3,3,3,2,3,2,2,2,3,2,2,2,2,2,2,2,2,1,1
668,4,4,3,2,3,2,3,3,2,2,3,2,2,2,1,2,2,1,2,1,1,1
669,3,5,3,4,3,2,3,3,3,2,3,3,2,2,2,2,2,2,2,2,1,1
670,3,5,3,3,4,2,3,2,2,3,3,3,1,2,3,2,2,1,2,2,1,1
671,3,4,4,4,3,3,3,2,2,3,2,3,3,2,2,2,2,2,3,2,1,2
672,3,4,3,2,2,3,2,2,2,2,2,2,1,2,2,2,2,1,2,1,1,1
673,4,3,3,3,3,3,2,3,2,2,2,3,1,1,1,2,2,2,2,2,1,0
674,4,4,3,3,3,3,3,3,3,3,3,3,2,2,2,2,2,2,2,2,1,1
675,3,3,3,2,2,2,3,2,3,3,2,3,2,1,2,2,2,1,2,2,1,1
676,4,4,3,3,3,3,3,2,2,2,3,2,2,2,2,2,2,2,2,2,1,1
677,4,3,2,3,2,3,2,2,2,2,3,2,2,2,2,2,1,2,2,2,1,1
678,3,4,3,4,3,2,2,2,2,3,1,3,2,2,2,2,2,1,2,2,1,2
679,4,4,3,3,3,3,3,2,2,3,3,2,2,1,3,2,2,2,2,2,1,1
680,4,5,4,3,3,3,3,2,3,2,2,2,2,2,2,2,2,2,3,2,1,1
681,4,3,3,4,3,2,3,2,2,3,3,2,2,2,2,2,2,2,2,2,1,2
682,4,4,4,3,3,3,2,3,2,3,3,3,2,2,2,2,2,2,2,2,1,1
683,4,3,3,3,3,3,3,2,3,2,2,3,2,1,2,2,2,2,1,2,1,1
684,4,3,3,2,2,2,3,3,3,2,3,3,2,2,2,2,2,2,2,2,1,1
685,3,3,3,2,2,3,3,3,2,3,2,3,2,2,2,2,2,2,2,1,1,1
686,4,3,3,3,3,2,3,2,2,2,2,3,2,2,1,2,2,2,2,2,1,1
687,4,4,3,2,3,2,2,3,2,2,2,2,2,2,2,2,2,1,2,2,1,1
688,4,4,3,2,5,2,4,2,3,2,3,2,2,2,2,2,2,2,2,2,1,2
689,4,4,4,3,3,4,3,2,3,2,3,4,2,2,3,2,2,2,2,2,1,2
690,4,4,3,2,3,3,2,2,2,3,2,2,3,2,2,2,2,1,2,2,1,1
691,4,4,2,3,3,2,2,3,2,2,2,2,2,2,2,2,2,1,2,2,1,1
692,3,4,3,3,4,3,3,2,3,2,3,3,2,2,3,2,2,2,2,2,1,1
693,5,4,3,3,3,3,3,2,3,3,2,3,2,2,3,2,2,2,2,2,1,1
694,4,4,4,3,3,3,2,2,3,2,2,2,2,2,2,2,2,2,2,2,1,1
695,4,3,3,4,3,4,3,2,2,3,3,3,2,2,2,2,2,1,1,2,1,1
696,3,5,4,3,3,3,3,3,1,3,2,3,2,1,2,2,2,2,2,2,1,1
697,4,4,4,3,3,3,3,2,3,3,2,3,2,2,2,2,2,2,1,2,1,1
698,5,4,4,2,3,4,3,3,2,4,3,3,2,2,2,2,2,2,2,2,1,1
699,5,4,3,3,3,2,3,3,2,3,3,2,2,2,2,2,2,1,2,2,1,1
700,5,5,3,3,3,2,3,3,3,3,2,3,2,2,2,2,2,2,2,2,1,1
701,4,4,3,3,3,4,3,3,3,3,2,3,2,2,2,2,2,2,2,3,1,1
702,5,4,4,4,3,4,4,2,3,3,3,3,2,3,2,2,3,2,2,2,1,1
703,4,5,3,2,3,3,3,2,2,3,2,3,2,2,2,2,2,3,2,2,1,2
704,4,3,3,3,3,3,3,2,3,2,2,2,1,2,2,2,2,2,2,2,1,1
705,4,3,3,2,3,2,1,2,1,2,2,2,2,1,2,2,2,1,1,2,0,1
706,5,3,3,3,3,3,3,3,2,2,3,2,2,2,2,2,2,2,2,2,0,1
707,2,3,2,2,2,1,2,2,2,3,2,3,1,1,1,2,2,2,1,1,1,0
708,3,3,2,3,3,2,2,2,2,2,2,3,2,2,2,2,2,1,2,2,1,1
709,3,5,3,3,3,3,3,3,3,2,2,2,2,2,2,2,2,2,2,2,1,2
710,3,5,4,4,2,3,3,3,3,3,3,3,3,2,2,2,2,2,2,2,1,2
711,4,5,4,3,3,3,4,3,3,3,3,3,3,2,2,2,3,2,2,2,1,2
712,4,5,3,3,3,4,3,3,3,3,3,3,2,2,2,2,2,2,2,2,1,1
713,5,3,3,3,3,3,3,2,3,3,3,2,3,2,2,2,3,1,2,2,2,2
714,3,4,3,2,2,3,3,3,3,2,3,2,2,2,2,2,2,2,2,2,1,1
715,4,4,3,3,2,3,2,3,1,2,3,3,2,2,1,1,2,1,2,1,1,1
716,5,4,4,3,3,3,3,2,3,3,2,3,2,2,2,2,2,2,2,2,1,2
717,5,3,4,3,3,2,3,2,3,3,3,2,2,2,2,2,2,2,2,2,1,2
718,4,3,4,3,4,3,3,2,2,3,2,2,3,2,2,2,2,2,2,2,1,1
719,4,3,3,2,3,3,2,3,2,3,2,3,2,2,2,2,2,2,2,2,1,1
720,5,3,4,3,4,3,3,3,3,3,3,3,2,3,2,3,3,2,2,2,1,0
721,3,4,3,3,2,3,3,2,2,2,2,3,1,2,2,2,2,1,2,2,1,1
722,4,3,3,3,3,3,4,2,3,2,2,3,2,2,2,2,2,1,2,2,1,2
723,5,4,3,3,3,3,4,2,2,3,2,2,2,2,2,2,2,2,2,2,1,2
724,4,3,3,3,3,3,2,3,2,3,3,3,2,2,2,2,2,2,2,2,1,2
725,4,5,3,3,3,3,3,3,2,3,2,3,2,2,2,3,2,3,2,2,1,2
726,5,4,3,3,3,3,4,3,2,3,3,3,3,2,2,2,2,2,2,2,1,1
727,4,5,2,3,3,2,3,2,2,3,2,2,2,2,2,2,2,2,2,2,1,1
728,4,4,3,2,2,2,3,2,2,2,3,2,1,2,3,2,3,2,2,2,1,0
729,4,4,3,3,2,1,2,2,2,2,2,3,2,2,3,2,2,2,2,1,1,1
730,4,4,3,3,3,3,2,2,2,2,2,3,2,2,2,2,2,2,2,2,1,2
731,3,3,3,3,2,1,2,3,1,2,3,2,2,2,2,2,1,2,2,2,1,1
732,4,4,3,3,3,3,2,2,3,3,2,3,3,2,2,2,2,3,2,2,1,1
733,4,3,3,3,4,3,3,2,3,3,3,3,3,2,2,2,3,2,2,2,1,1
734,4,4,2,3,3,3,2,3,2,2,2,3,2,2,1,3,2,2,2,2,1,1
735,5,5,3,3,3,3,4,3,3,4,2,3,2,1,3,2,2,2,2,2,1,1
736,5,4,3,3,3,3,3,3,3,3,2,3,2,2,3,2,3,2,1,2,1,1
737,4,4,4,3,3,3,3,2,2,2,3,2,2,2,2,2,2,2,2,1,1,1
738,3,4,3,3,3,2,3,2,3,2,2,2,2,2,2,2,2,2,2,2,1,1
739,4,3,2,2,3,3,3,2,2,4,2,3,3,3,2,2,2,2,2,2,1,2
740,4,4,3,3,3,3,3,2,3,2,2,2,2,2,2,2,2,2,2,2,1,1
741,4,3,4,2,3,2,3,3,2,2,2,3,2,2,2,2,2,2,2,2,1,1
742,3,5,3,2,2,3,2,2,3,2,2,3,2,2,2,2,2,2,2,2,1,1
743,4,4,3,3,3,3,3,3,3,3,3,3,2,2,3,3,3,2,2,2,1,1
744,4,3,2,3,3,3,2,1,2,2,2,2,2,2,3,2,3,2,2,2,1,1
745,4,3,3,3,3,3,4,2,2,3,3,3,2,2,2,2,2,2,1,2,1,0
746,3,4,1,1,1,2,1,2,1,1,2,3,1,1,2,0,2,1,2,1,1,1
747,4,3,3,3,3,3,3,2,3,3,2,2,1,2,2,2,2,1,2,2,1,1
748,3,3,3,2,1,3,2,2,2,1,2,2,2,2,2,2,2,2,2,2,1,1
749,4,3,3,3,3,3,3,2,3,1,3,2,1,2,2,2,3,2,2,2,1,1
750,3,5,3,3,3,2,2,3,2,3,3,3,1,2,2,3,2,3,2,2,1,1
751,4,5,2,3,3,3,3,1,2,3,3,3,2,2,2,3,2,2,2,2,1,1
752,4,4,3,3,4,4,3,2,3,3,3,3,2,2,2,2,3,2,2,2,1,2
753,3,3,2,3,1,1,2,2,1,3,3,2,2,1,2,2,1,1,1,2,1,0
754,3,3,2,3,2,3,2,3,2,3,3,2,2,2,2,1,2,2,1,1,1,1
755,3,3,2,3,2,2,2,2,2,2,2,3,2,2,2,2,2,2,2,2,1,1
